village_id,village_name,household_id,surveyor_id,survey_date,monthly_income,meals_per_day,food_source_type,food_insecure_months_per_year,child_malnutrition_yn,household_size,ration_card_yn,clean_water_access_yn,crop_failure_last_3yr,food_aid_receipt_yn,pds_access_yn,caloric_intake_score,vulnerability_label
V_001,Bari,HH_V_001_000,SRV_009,2025-01-15,9676,2,Self-grown,5,1,5,0,0,0,0,1,20,79
V_001,Bari,HH_V_001_001,SRV_003,2025-01-15,4173,2,PDS/Ration,6,1,6,1,0,0,1,0,9,90
V_001,Bari,HH_V_001_002,SRV_002,2025-01-15,13454,2,Self-grown,5,1,5,1,1,0,0,1,37,62
V_001,Bari,HH_V_001_003,SRV_003,2025-01-15,12890,2,Self-grown,3,1,5,1,1,3,0,1,39,60
V_001,Bari,HH_V_001_004,SRV_008,2025-01-15,11659,2,Self-grown,4,1,5,0,1,2,0,1,31,68
V_001,Bari,HH_V_001_005,SRV_004,2025-01-15,4345,1,PDS/Ration,6,0,4,0,0,3,1,1,12,87
V_001,Bari,HH_V_001_006,SRV_003,2025-01-15,2352,2,PDS/Ration,7,1,4,1,0,0,1,0,0,100
V_001,Bari,HH_V_001_007,SRV_005,2025-01-15,12937,2,Self-grown,5,0,5,0,1,0,0,1,31,68
V_001,Bari,HH_V_001_008,SRV_001,2025-01-15,7978,2,Self-grown,4,1,4,1,0,0,0,1,21,78
V_001,Bari,HH_V_001_009,SRV_009,2025-01-15,4013,1,Self-grown,5,1,5,0,0,1,1,0,9,90
V_001,Bari,HH_V_001_010,SRV_008,2025-01-15,1420,1,PDS/Ration,8,1,5,0,0,3,1,0,0,100
V_001,Bari,HH_V_001_011,SRV_008,2025-01-15,9723,2,Self-grown,6,1,6,1,0,2,0,1,27,72
V_001,Bari,HH_V_001_012,SRV_009,2025-01-15,12762,2,Self-grown,3,1,6,1,1,3,0,1,35,64
V_001,Bari,HH_V_001_013,SRV_006,2025-01-15,5798,1,Self-grown,7,0,5,1,0,0,1,1,16,83
V_001,Bari,HH_V_001_014,SRV_007,2025-01-15,5142,2,PDS/Ration,6,1,4,1,0,0,1,1,10,89
V_001,Bari,HH_V_001_015,SRV_007,2025-01-15,3991,2,Self-grown,5,1,5,0,0,3,1,0,3,96
V_001,Bari,HH_V_001_016,SRV_005,2025-01-15,3390,1,Self-grown,5,1,4,1,0,2,1,0,9,90
V_001,Bari,HH_V_001_017,SRV_006,2025-01-15,8051,2,Self-grown,6,1,5,0,0,0,0,1,20,79
V_001,Bari,HH_V_001_018,SRV_006,2025-01-15,6152,2,Self-grown,6,1,4,0,0,2,1,1,11,88
V_001,Bari,HH_V_001_019,SRV_004,2025-01-15,12361,2,PDS/Ration,4,1,6,1,1,1,0,1,34,65
V_001,Bari,HH_V_001_020,SRV_006,2025-01-15,2697,2,PDS/Ration,6,1,6,1,0,0,1,0,4,95
V_001,Bari,HH_V_001_021,SRV_005,2025-01-15,6531,2,PDS/Ration,5,1,6,1,0,0,0,1,21,78
V_001,Bari,HH_V_001_022,SRV_008,2025-01-15,6842,2,Self-grown,7,1,4,1,0,3,1,1,15,84
V_001,Bari,HH_V_001_023,SRV_002,2025-01-15,4946,1,Self-grown,5,1,4,1,0,2,1,0,9,90
V_001,Bari,HH_V_001_024,SRV_003,2025-01-15,5727,1,PDS/Ration,6,1,6,1,0,3,1,0,9,90
V_001,Bari,HH_V_001_025,SRV_006,2025-01-15,4451,1,Self-grown,5,1,7,1,0,3,1,0,7,92
V_001,Bari,HH_V_001_026,SRV_003,2025-01-15,13875,2,Self-grown,3,1,6,1,1,2,0,1,37,62
V_001,Bari,HH_V_001_027,SRV_001,2025-01-15,13493,2,PDS/Ration,5,1,5,1,1,0,0,1,37,62
V_001,Bari,HH_V_001_028,SRV_006,2025-01-15,8515,2,Self-grown,6,0,5,1,0,1,0,1,23,76
V_001,Bari,HH_V_001_029,SRV_002,2025-01-15,8884,1,Self-grown,5,1,5,1,0,2,1,1,17,82
V_001,Bari,HH_V_001_030,SRV_007,2025-01-15,8513,2,PDS/Ration,5,1,6,1,0,3,0,1,21,78
V_001,Bari,HH_V_001_031,SRV_003,2025-01-15,15420,2,PDS/Ration,4,0,4,1,1,2,0,1,47,52
V_001,Bari,HH_V_001_032,SRV_006,2025-01-15,5209,2,Self-grown,5,1,6,1,0,0,1,1,14,85
V_001,Bari,HH_V_001_033,SRV_008,2025-01-15,1416,2,PDS/Ration,6,1,5,1,0,2,1,0,0,99
V_001,Bari,HH_V_001_034,SRV_008,2025-01-15,20497,2,Market,2,0,5,1,1,0,0,1,58,41
V_001,Bari,HH_V_001_035,SRV_003,2025-01-15,3680,2,Self-grown,6,1,3,1,0,0,1,0,8,91
V_001,Bari,HH_V_001_036,SRV_009,2025-01-15,14327,2,PDS/Ration,3,0,3,1,1,0,0,1,46,53
V_001,Bari,HH_V_001_037,SRV_006,2025-01-15,10687,2,PDS/Ration,4,0,4,1,0,0,0,1,28,71
V_001,Bari,HH_V_001_038,SRV_006,2025-01-15,11938,2,Self-grown,4,1,3,1,1,2,0,1,37,62
V_001,Bari,HH_V_001_039,SRV_004,2025-01-15,1833,2,PDS/Ration,6,1,6,1,0,0,1,0,1,98
V_001,Bari,HH_V_001_040,SRV_003,2025-01-15,4333,1,Self-grown,7,1,5,1,0,3,1,1,13,86
V_001,Bari,HH_V_001_041,SRV_001,2025-01-15,2441,1,PDS/Ration,8,1,5,0,0,0,1,0,0,100
V_001,Bari,HH_V_001_042,SRV_004,2025-01-15,11863,2,PDS/Ration,4,0,5,0,1,2,0,1,32,67
V_001,Bari,HH_V_001_043,SRV_001,2025-01-15,4898,1,Self-grown,5,1,7,0,0,0,1,0,2,97
V_001,Bari,HH_V_001_044,SRV_004,2025-01-15,2837,2,PDS/Ration,8,1,5,1,0,1,1,0,0,100
V_001,Bari,HH_V_001_045,SRV_007,2025-01-15,17317,2,Market,2,0,5,0,1,0,0,1,50,49
V_001,Bari,HH_V_001_046,SRV_007,2025-01-15,8157,2,PDS/Ration,6,1,5,1,0,3,0,1,25,74
V_001,Bari,HH_V_001_047,SRV_001,2025-01-15,6465,1,Self-grown,7,0,7,1,0,3,1,1,10,89
V_001,Bari,HH_V_001_048,SRV_009,2025-01-15,5491,2,Self-grown,5,1,6,1,0,0,1,1,12,87
V_001,Bari,HH_V_001_049,SRV_006,2025-01-15,8828,2,Self-grown,4,0,6,1,0,3,0,1,26,73
V_001,Bari,HH_V_001_050,SRV_001,2025-01-15,10482,2,PDS/Ration,6,1,4,1,0,3,0,1,29,70
V_001,Bari,HH_V_001_051,SRV_001,2025-01-15,2497,1,PDS/Ration,8,1,6,1,0,1,1,0,0,100
V_001,Bari,HH_V_001_052,SRV_007,2025-01-15,6651,2,PDS/Ration,4,1,5,1,0,3,0,1,22,77
V_001,Bari,HH_V_001_053,SRV_002,2025-01-15,14255,2,PDS/Ration,3,1,5,1,1,1,0,1,35,64
V_001,Bari,HH_V_001_054,SRV_006,2025-01-15,11141,2,Self-grown,4,1,4,1,0,1,0,1,27,72
V_001,Bari,HH_V_001_055,SRV_001,2025-01-15,6104,2,PDS/Ration,7,1,5,1,0,0,1,1,14,85
V_001,Bari,HH_V_001_056,SRV_006,2025-01-15,9896,2,PDS/Ration,5,1,5,1,0,1,0,1,23,76
V_001,Bari,HH_V_001_057,SRV_004,2025-01-15,7243,2,PDS/Ration,6,0,3,1,0,2,0,1,23,76
V_001,Bari,HH_V_001_058,SRV_001,2025-01-15,4316,2,Self-grown,7,1,6,1,0,2,1,0,8,91
V_001,Bari,HH_V_001_059,SRV_001,2025-01-15,8397,2,PDS/Ration,6,1,5,1,0,2,1,1,19,80
V_001,Bari,HH_V_001_060,SRV_002,2025-01-15,12029,2,Self-grown,5,1,4,1,1,1,0,1,34,65
V_001,Bari,HH_V_001_061,SRV_007,2025-01-15,19072,2,Market,2,0,5,1,1,0,0,1,53,46
V_001,Bari,HH_V_001_062,SRV_004,2025-01-15,13828,2,Self-grown,4,1,4,1,1,1,0,1,38,61
V_001,Bari,HH_V_001_063,SRV_003,2025-01-15,6468,2,Self-grown,5,1,6,1,0,1,0,1,22,77
V_001,Bari,HH_V_001_064,SRV_008,2025-01-15,6249,2,Self-grown,5,0,6,1,0,3,1,1,10,89
V_001,Bari,HH_V_001_065,SRV_002,2025-01-15,10685,2,PDS/Ration,5,0,5,0,1,1,0,1,32,67
V_001,Bari,HH_V_001_066,SRV_008,2025-01-15,12239,2,PDS/Ration,4,1,5,1,1,3,0,1,33,66
V_001,Bari,HH_V_001_067,SRV_008,2025-01-15,3698,1,PDS/Ration,7,1,6,1,0,1,1,0,4,95
V_001,Bari,HH_V_001_068,SRV_005,2025-01-15,4222,2,Self-grown,6,1,5,1,0,1,1,1,10,89
V_001,Bari,HH_V_001_069,SRV_009,2025-01-15,6633,2,Self-grown,5,1,4,1,0,2,0,1,21,78
V_001,Bari,HH_V_001_070,SRV_003,2025-01-15,670,2,PDS/Ration,8,1,5,1,0,0,1,0,0,100
V_001,Bari,HH_V_001_071,SRV_001,2025-01-15,7316,2,PDS/Ration,4,1,6,0,0,1,0,1,23,76
V_001,Bari,HH_V_001_072,SRV_001,2025-01-15,500,2,Self-grown,6,1,6,1,0,1,1,0,0,99
V_001,Bari,HH_V_001_073,SRV_006,2025-01-15,10566,2,Self-grown,6,1,4,1,0,1,0,1,28,71
V_001,Bari,HH_V_001_074,SRV_005,2025-01-15,8952,2,Self-grown,6,1,4,1,0,3,0,1,23,76
V_001,Bari,HH_V_001_075,SRV_001,2025-01-15,9075,2,PDS/Ration,6,1,2,1,0,0,0,1,28,71
V_001,Bari,HH_V_001_076,SRV_009,2025-01-15,7565,1,PDS/Ration,6,1,6,1,0,3,1,1,17,82
V_001,Bari,HH_V_001_077,SRV_006,2025-01-15,14382,2,Self-grown,4,0,6,0,1,1,0,1,43,56
V_001,Bari,HH_V_001_078,SRV_004,2025-01-15,6892,1,PDS/Ration,6,1,5,1,0,1,1,1,15,84
V_001,Bari,HH_V_001_079,SRV_006,2025-01-15,9023,2,Self-grown,5,1,5,1,0,1,0,1,23,76
V_001,Bari,HH_V_001_080,SRV_002,2025-01-15,4004,2,Self-grown,5,1,4,1,0,0,1,0,2,97
V_001,Bari,HH_V_001_081,SRV_004,2025-01-15,9292,1,Self-grown,5,1,7,1,0,1,1,1,19,80
V_001,Bari,HH_V_001_082,SRV_005,2025-01-15,4559,2,Self-grown,5,0,5,1,0,1,1,0,8,91
V_001,Bari,HH_V_001_083,SRV_002,2025-01-15,1354,1,Self-grown,6,1,6,0,0,1,1,0,0,100
V_001,Bari,HH_V_001_084,SRV_003,2025-01-15,4794,2,PDS/Ration,7,1,3,1,0,1,1,1,13,86
V_001,Bari,HH_V_001_085,SRV_003,2025-01-15,6321,1,Self-grown,5,1,3,1,0,3,1,1,17,82
V_001,Bari,HH_V_001_086,SRV_002,2025-01-15,6816,1,Self-grown,7,1,6,1,0,1,1,1,10,89
V_001,Bari,HH_V_001_087,SRV_006,2025-01-15,8700,2,PDS/Ration,4,1,5,1,0,2,0,1,27,72
V_001,Bari,HH_V_001_088,SRV_004,2025-01-15,7357,2,Self-grown,5,1,5,0,0,0,1,1,14,85
V_001,Bari,HH_V_001_089,SRV_004,2025-01-15,9782,2,Self-grown,4,1,4,1,0,0,0,1,29,70
V_001,Bari,HH_V_001_090,SRV_003,2025-01-15,9344,2,PDS/Ration,6,1,5,1,0,0,0,1,21,78
V_001,Bari,HH_V_001_091,SRV_007,2025-01-15,12992,2,PDS/Ration,5,1,4,0,1,0,0,1,33,66
V_001,Bari,HH_V_001_092,SRV_004,2025-01-15,14138,2,PDS/Ration,4,1,5,1,1,0,0,1,36,63
V_001,Bari,HH_V_001_093,SRV_002,2025-01-15,13008,2,Self-grown,5,1,6,1,1,2,0,1,31,68
V_001,Bari,HH_V_001_094,SRV_008,2025-01-15,4518,2,Self-grown,8,1,6,0,0,0,1,0,0,100
V_001,Bari,HH_V_001_095,SRV_002,2025-01-15,5001,1,PDS/Ration,5,1,6,1,0,0,1,0,0,99
V_001,Bari,HH_V_001_096,SRV_008,2025-01-15,11411,2,Self-grown,4,0,6,1,1,0,0,1,31,68
V_001,Bari,HH_V_001_097,SRV_003,2025-01-15,9476,2,PDS/Ration,5,1,4,1,0,1,0,1,27,72
V_001,Bari,HH_V_001_098,SRV_009,2025-01-15,3386,2,PDS/Ration,7,1,5,1,0,2,1,0,7,92
V_001,Bari,HH_V_001_099,SRV_004,2025-01-15,15146,2,Self-grown,5,0,4,1,1,0,0,1,43,56
V_002,Gopalpur,HH_V_002_000,SRV_001,2025-01-15,4089,2,Self-grown,5,1,4,1,0,2,1,0,3,96
V_002,Gopalpur,HH_V_002_001,SRV_004,2025-01-15,7423,1,PDS/Ration,5,1,5,1,0,3,1,1,15,84
V_002,Gopalpur,HH_V_002_002,SRV_006,2025-01-15,8471,1,Self-grown,5,0,5,0,0,1,1,1,18,81
V_002,Gopalpur,HH_V_002_003,SRV_004,2025-01-15,2440,1,Self-grown,8,1,6,0,0,0,1,0,0,100
V_002,Gopalpur,HH_V_002_004,SRV_009,2025-01-15,9019,2,Self-grown,5,1,6,1,0,0,0,1,22,77
V_002,Gopalpur,HH_V_002_005,SRV_003,2025-01-15,11269,2,Self-grown,5,1,4,0,1,0,0,1,32,67
V_002,Gopalpur,HH_V_002_006,SRV_002,2025-01-15,1466,2,PDS/Ration,8,1,4,1,0,3,1,0,0,100
V_002,Gopalpur,HH_V_002_007,SRV_008,2025-01-15,11735,2,Self-grown,5,0,7,1,1,1,0,1,34,65
V_002,Gopalpur,HH_V_002_008,SRV_009,2025-01-15,6025,1,PDS/Ration,7,1,4,1,0,2,1,0,9,90
V_002,Gopalpur,HH_V_002_009,SRV_008,2025-01-15,3308,1,Self-grown,6,1,5,1,0,1,1,0,0,99
V_002,Gopalpur,HH_V_002_010,SRV_007,2025-01-15,1274,1,Self-grown,8,1,5,0,0,3,1,0,0,100
V_002,Gopalpur,HH_V_002_011,SRV_005,2025-01-15,4372,2,Self-grown,6,1,5,1,0,2,1,0,9,90
V_002,Gopalpur,HH_V_002_012,SRV_008,2025-01-15,4126,1,Self-grown,6,1,5,1,0,0,1,0,1,98
V_002,Gopalpur,HH_V_002_013,SRV_005,2025-01-15,4796,2,PDS/Ration,5,0,5,1,0,2,1,1,11,88
V_002,Gopalpur,HH_V_002_014,SRV_007,2025-01-15,4056,2,PDS/Ration,6,1,4,1,0,0,1,0,6,93
V_002,Gopalpur,HH_V_002_015,SRV_008,2025-01-15,4432,1,Self-grown,6,1,6,0,0,1,1,1,10,89
V_002,Gopalpur,HH_V_002_016,SRV_009,2025-01-15,5378,2,PDS/Ration,7,1,7,1,0,1,1,1,14,85
V_002,Gopalpur,HH_V_002_017,SRV_005,2025-01-15,7837,2,PDS/Ration,5,1,3,1,0,2,0,1,24,75
V_002,Gopalpur,HH_V_002_018,SRV_002,2025-01-15,9125,2,Self-grown,4,1,5,1,0,3,0,1,23,76
V_002,Gopalpur,HH_V_002_019,SRV_002,2025-01-15,7443,1,Self-grown,6,0,5,1,0,2,1,1,17,82
V_002,Gopalpur,HH_V_002_020,SRV_005,2025-01-15,6064,1,Self-grown,7,1,5,1,0,1,1,1,12,87
V_002,Gopalpur,HH_V_002_021,SRV_001,2025-01-15,5269,1,Self-grown,5,1,5,1,0,3,1,1,11,88
V_002,Gopalpur,HH_V_002_022,SRV_009,2025-01-15,5013,2,PDS/Ration,7,1,5,1,0,2,1,1,11,88
V_002,Gopalpur,HH_V_002_023,SRV_005,2025-01-15,1546,2,PDS/Ration,7,1,5,1,0,0,1,0,0,100
V_002,Gopalpur,HH_V_002_024,SRV_008,2025-01-15,9029,2,PDS/Ration,5,1,6,0,0,3,0,1,20,79
V_002,Gopalpur,HH_V_002_025,SRV_002,2025-01-15,4150,1,Self-grown,6,1,4,1,0,1,1,0,7,92
V_002,Gopalpur,HH_V_002_026,SRV_003,2025-01-15,2846,2,Self-grown,6,1,6,0,0,2,1,0,4,95
V_002,Gopalpur,HH_V_002_027,SRV_006,2025-01-15,2524,1,PDS/Ration,8,1,7,1,0,1,1,0,0,100
V_002,Gopalpur,HH_V_002_028,SRV_004,2025-01-15,7793,2,Self-grown,6,1,6,1,0,0,0,1,21,78
V_002,Gopalpur,HH_V_002_029,SRV_006,2025-01-15,8697,2,PDS/Ration,6,0,6,1,0,3,1,1,18,81
V_002,Gopalpur,HH_V_002_030,SRV_003,2025-01-15,980,2,Self-grown,8,1,7,1,0,3,1,0,0,100
V_002,Gopalpur,HH_V_002_031,SRV_008,2025-01-15,11982,2,PDS/Ration,5,1,7,0,0,3,0,1,28,71
V_002,Gopalpur,HH_V_002_032,SRV_002,2025-01-15,7644,2,PDS/Ration,4,0,4,1,0,0,0,1,23,76
V_002,Gopalpur,HH_V_002_033,SRV_003,2025-01-15,8489,1,PDS/Ration,5,1,5,1,0,1,1,1,18,81
V_002,Gopalpur,HH_V_002_034,SRV_005,2025-01-15,1345,1,PDS/Ration,6,1,4,1,0,3,1,0,3,96
V_002,Gopalpur,HH_V_002_035,SRV_004,2025-01-15,2418,2,PDS/Ration,8,1,5,0,0,0,1,0,0,100
V_002,Gopalpur,HH_V_002_036,SRV_008,2025-01-15,4221,1,Self-grown,5,1,4,1,0,0,1,1,10,89
V_002,Gopalpur,HH_V_002_037,SRV_009,2025-01-15,8038,2,PDS/Ration,6,0,4,1,0,1,1,1,15,84
V_002,Gopalpur,HH_V_002_038,SRV_001,2025-01-15,5520,1,Self-grown,7,0,6,1,0,3,1,1,13,86
V_002,Gopalpur,HH_V_002_039,SRV_001,2025-01-15,686,2,Self-grown,8,1,6,1,0,3,1,0,0,100
V_002,Gopalpur,HH_V_002_040,SRV_007,2025-01-15,12714,2,PDS/Ration,4,0,4,1,1,1,0,1,35,64
V_002,Gopalpur,HH_V_002_041,SRV_004,2025-01-15,10772,2,Self-grown,5,0,6,1,1,0,0,1,30,69
V_002,Gopalpur,HH_V_002_042,SRV_001,2025-01-15,745,1,Self-grown,7,1,6,1,0,1,1,0,0,99
V_002,Gopalpur,HH_V_002_043,SRV_006,2025-01-15,2099,2,PDS/Ration,7,1,6,1,0,3,1,0,0,100
V_002,Gopalpur,HH_V_002_044,SRV_007,2025-01-15,2647,1,PDS/Ration,5,1,6,1,0,1,1,0,0,99
V_002,Gopalpur,HH_V_002_045,SRV_002,2025-01-15,3448,1,Self-grown,5,0,6,1,0,2,1,0,4,95
V_002,Gopalpur,HH_V_002_046,SRV_008,2025-01-15,6245,1,Self-grown,7,1,8,1,0,1,1,1,15,84
V_002,Gopalpur,HH_V_002_047,SRV_002,2025-01-15,4538,1,PDS/Ration,7,0,4,1,0,3,1,0,7,92
V_002,Gopalpur,HH_V_002_048,SRV_001,2025-01-15,4969,1,Self-grown,6,1,5,1,0,0,1,0,8,91
V_002,Gopalpur,HH_V_002_049,SRV_003,2025-01-15,11753,2,Self-grown,6,0,4,1,0,0,0,1,28,71
V_002,Gopalpur,HH_V_002_050,SRV_005,2025-01-15,8319,1,PDS/Ration,5,1,5,1,0,0,1,1,19,80
V_002,Gopalpur,HH_V_002_051,SRV_003,2025-01-15,3758,2,Self-grown,7,1,5,1,0,3,1,0,8,91
V_002,Gopalpur,HH_V_002_052,SRV_004,2025-01-15,4274,2,PDS/Ration,6,1,6,1,0,3,1,0,6,93
V_002,Gopalpur,HH_V_002_053,SRV_005,2025-01-15,7916,2,Self-grown,4,1,7,1,0,0,1,1,16,83
V_002,Gopalpur,HH_V_002_054,SRV_003,2025-01-15,6937,2,PDS/Ration,7,1,7,1,0,2,1,1,13,86
V_002,Gopalpur,HH_V_002_055,SRV_004,2025-01-15,500,1,PDS/Ration,7,1,5,1,0,1,1,0,0,100
V_002,Gopalpur,HH_V_002_056,SRV_009,2025-01-15,500,1,Self-grown,8,1,6,1,0,3,1,0,0,100
V_002,Gopalpur,HH_V_002_057,SRV_004,2025-01-15,5737,2,Self-grown,7,1,4,1,0,2,1,1,13,86
V_002,Gopalpur,HH_V_002_058,SRV_001,2025-01-15,8177,1,Self-grown,5,0,5,1,0,1,1,1,16,83
V_002,Gopalpur,HH_V_002_059,SRV_005,2025-01-15,4280,1,Self-grown,6,1,6,0,0,2,1,0,5,94
V_002,Gopalpur,HH_V_002_060,SRV_009,2025-01-15,10097,2,Self-grown,5,1,4,1,0,0,0,1,23,76
V_002,Gopalpur,HH_V_002_061,SRV_007,2025-01-15,2903,2,PDS/Ration,7,1,7,1,0,3,1,0,0,100
V_002,Gopalpur,HH_V_002_062,SRV_004,2025-01-15,1364,1,PDS/Ration,8,1,4,0,0,0,1,0,0,100
V_002,Gopalpur,HH_V_002_063,SRV_008,2025-01-15,3583,2,PDS/Ration,5,1,4,1,0,1,1,0,1,98
V_002,Gopalpur,HH_V_002_064,SRV_005,2025-01-15,6839,2,PDS/Ration,5,1,6,1,0,2,1,1,14,85
V_002,Gopalpur,HH_V_002_065,SRV_002,2025-01-15,2129,1,Self-grown,5,1,6,1,0,0,1,0,0,99
V_002,Gopalpur,HH_V_002_066,SRV_006,2025-01-15,6386,2,Self-grown,5,1,4,1,0,1,1,1,11,88
V_002,Gopalpur,HH_V_002_067,SRV_008,2025-01-15,7480,1,PDS/Ration,4,1,4,1,0,3,1,1,16,83
V_002,Gopalpur,HH_V_002_068,SRV_008,2025-01-15,4464,1,Self-grown,5,1,5,1,0,1,1,1,10,89
V_002,Gopalpur,HH_V_002_069,SRV_003,2025-01-15,1044,2,PDS/Ration,8,1,5,1,0,2,1,0,0,100
V_002,Gopalpur,HH_V_002_070,SRV_008,2025-01-15,7392,2,PDS/Ration,4,1,5,1,0,3,0,1,23,76
V_002,Gopalpur,HH_V_002_071,SRV_005,2025-01-15,8213,2,PDS/Ration,5,1,7,1,0,2,1,1,16,83
V_002,Gopalpur,HH_V_002_072,SRV_004,2025-01-15,1694,1,PDS/Ration,8,1,6,1,0,0,1,0,0,100
V_002,Gopalpur,HH_V_002_073,SRV_004,2025-01-15,706,2,PDS/Ration,7,1,5,1,0,1,1,0,0,100
V_002,Gopalpur,HH_V_002_074,SRV_005,2025-01-15,8895,2,PDS/Ration,5,1,5,1,0,2,1,1,17,82
V_002,Gopalpur,HH_V_002_075,SRV_001,2025-01-15,6291,1,Self-grown,6,1,6,1,0,0,1,1,12,87
V_002,Gopalpur,HH_V_002_076,SRV_005,2025-01-15,6384,1,PDS/Ration,4,1,4,1,0,2,1,1,17,82
V_002,Gopalpur,HH_V_002_077,SRV_006,2025-01-15,5939,2,Self-grown,4,1,4,0,0,0,1,1,18,81
V_002,Gopalpur,HH_V_002_078,SRV_007,2025-01-15,9556,2,Self-grown,5,0,5,0,0,2,0,1,25,74
V_002,Gopalpur,HH_V_002_079,SRV_004,2025-01-15,11110,2,Self-grown,5,1,5,1,1,2,0,1,30,69
V_002,Gopalpur,HH_V_002_080,SRV_008,2025-01-15,2812,2,Self-grown,8,1,5,0,0,2,1,0,0,100
V_002,Gopalpur,HH_V_002_081,SRV_003,2025-01-15,2862,1,Self-grown,7,1,5,1,0,1,1,0,0,100
V_002,Gopalpur,HH_V_002_082,SRV_006,2025-01-15,3408,1,Self-grown,7,1,5,1,0,2,1,0,6,93
V_002,Gopalpur,HH_V_002_083,SRV_003,2025-01-15,2817,1,Self-grown,6,1,6,1,0,2,1,0,0,100
V_002,Gopalpur,HH_V_002_084,SRV_005,2025-01-15,2976,1,Self-grown,8,1,5,1,0,3,1,0,0,100
V_002,Gopalpur,HH_V_002_085,SRV_004,2025-01-15,5198,1,PDS/Ration,6,1,4,0,0,0,1,0,8,91
V_002,Gopalpur,HH_V_002_086,SRV_001,2025-01-15,5636,1,Self-grown,6,0,6,0,0,0,1,0,5,94
V_002,Gopalpur,HH_V_002_087,SRV_009,2025-01-15,3500,2,PDS/Ration,6,1,4,1,0,0,1,0,0,100
V_002,Gopalpur,HH_V_002_088,SRV_005,2025-01-15,4254,2,PDS/Ration,6,1,4,0,0,1,1,0,9,90
V_002,Gopalpur,HH_V_002_089,SRV_006,2025-01-15,8388,1,PDS/Ration,6,1,5,1,0,1,1,1,16,83
V_002,Gopalpur,HH_V_002_090,SRV_001,2025-01-15,3528,1,Self-grown,8,1,4,1,0,1,1,0,0,100
V_002,Gopalpur,HH_V_002_091,SRV_004,2025-01-15,10238,2,Self-grown,5,1,3,1,0,1,0,1,27,72
V_002,Gopalpur,HH_V_002_092,SRV_008,2025-01-15,5805,1,PDS/Ration,5,1,5,1,0,0,1,0,9,90
V_002,Gopalpur,HH_V_002_093,SRV_002,2025-01-15,4488,1,PDS/Ration,5,1,5,1,0,2,1,0,9,90
V_002,Gopalpur,HH_V_002_094,SRV_005,2025-01-15,1602,2,PDS/Ration,8,1,5,1,0,3,1,0,0,100
V_002,Gopalpur,HH_V_002_095,SRV_003,2025-01-15,6793,2,PDS/Ration,6,1,4,1,0,1,1,1,15,84
V_002,Gopalpur,HH_V_002_096,SRV_003,2025-01-15,7080,1,Self-grown,4,1,6,1,0,2,1,1,18,81
V_002,Gopalpur,HH_V_002_097,SRV_009,2025-01-15,14709,2,Self-grown,5,1,5,1,1,2,0,1,35,64
V_002,Gopalpur,HH_V_002_098,SRV_008,2025-01-15,6990,2,PDS/Ration,4,1,5,1,0,3,1,1,17,82
V_002,Gopalpur,HH_V_002_099,SRV_008,2025-01-15,2668,1,Self-grown,5,1,5,1,0,2,1,0,0,99
V_003,Kheda,HH_V_003_000,SRV_009,2025-01-15,21263,3,Market,3,0,5,1,1,0,0,1,63,36
V_003,Kheda,HH_V_003_001,SRV_003,2025-01-15,22147,3,Market,2,0,3,0,1,0,0,1,64,35
V_003,Kheda,HH_V_003_002,SRV_004,2025-01-15,20683,3,Market,2,0,4,1,1,0,0,1,61,38
V_003,Kheda,HH_V_003_003,SRV_002,2025-01-15,21102,3,Market,4,0,3,1,1,0,0,1,64,35
V_003,Kheda,HH_V_003_004,SRV_003,2025-01-15,15468,2,PDS/Ration,5,0,3,1,1,0,0,1,46,53
V_003,Kheda,HH_V_003_005,SRV_005,2025-01-15,23805,3,Market,3,0,2,1,1,0,0,1,70,29
V_003,Kheda,HH_V_003_006,SRV_008,2025-01-15,24525,3,Market,2,0,4,1,1,0,0,1,75,24
V_003,Kheda,HH_V_003_007,SRV_001,2025-01-15,24468,3,Market,1,0,3,1,1,0,0,1,72,27
V_003,Kheda,HH_V_003_008,SRV_005,2025-01-15,19111,3,Market,4,0,3,1,1,0,0,1,64,35
V_003,Kheda,HH_V_003_009,SRV_008,2025-01-15,17690,2,Market,4,0,5,0,1,0,0,1,51,48
V_003,Kheda,HH_V_003_010,SRV_009,2025-01-15,23227,3,Market,2,0,2,1,1,0,0,1,66,33
V_003,Kheda,HH_V_003_011,SRV_002,2025-01-15,21536,3,Market,3,0,4,1,1,0,0,1,67,32
V_003,Kheda,HH_V_003_012,SRV_009,2025-01-15,17702,2,Market,3,0,3,1,1,0,0,1,57,42
V_003,Kheda,HH_V_003_013,SRV_006,2025-01-15,26864,3,Market,1,0,3,1,1,0,0,1,85,14
V_003,Kheda,HH_V_003_014,SRV_008,2025-01-15,26020,3,Market,3,0,5,1,1,0,0,1,77,22
V_003,Kheda,HH_V_003_015,SRV_004,2025-01-15,25876,3,Market,3,0,5,0,1,0,0,1,83,16
V_003,Kheda,HH_V_003_016,SRV_006,2025-01-15,30459,3,Market,1,0,4,1,1,0,0,1,93,6
V_003,Kheda,HH_V_003_017,SRV_003,2025-01-15,23120,3,Market,3,0,4,1,1,0,0,1,66,33
V_003,Kheda,HH_V_003_018,SRV_008,2025-01-15,27780,3,Market,2,0,4,1,1,0,0,1,86,13
V_003,Kheda,HH_V_003_019,SRV_003,2025-01-15,28962,3,Market,0,0,4,1,1,0,0,1,91,8
V_003,Kheda,HH_V_003_020,SRV_006,2025-01-15,29258,3,Market,2,0,3,0,1,0,0,1,89,10
V_003,Kheda,HH_V_003_021,SRV_002,2025-01-15,15975,2,Market,4,0,7,1,1,0,0,1,51,48
V_003,Kheda,HH_V_003_022,SRV_002,2025-01-15,30016,3,Market,2,0,4,1,1,0,0,1,94,5
V_003,Kheda,HH_V_003_023,SRV_008,2025-01-15,22458,3,Market,1,0,3,0,1,0,0,1,67,32
V_003,Kheda,HH_V_003_024,SRV_008,2025-01-15,31607,3,Market,0,0,4,0,1,0,0,1,95,4
V_003,Kheda,HH_V_003_025,SRV_003,2025-01-15,27877,3,Market,2,0,3,1,1,0,0,1,91,8
V_003,Kheda,HH_V_003_026,SRV_001,2025-01-15,27653,3,Market,2,0,5,1,1,0,0,1,88,11
V_003,Kheda,HH_V_003_027,SRV_005,2025-01-15,25817,3,Market,1,0,4,1,1,0,0,1,84,15
V_003,Kheda,HH_V_003_028,SRV_009,2025-01-15,28210,3,Market,0,0,4,1,1,0,0,1,86,13
V_003,Kheda,HH_V_003_029,SRV_002,2025-01-15,25767,3,Market,3,0,5,1,1,0,0,1,78,21
V_003,Kheda,HH_V_003_030,SRV_006,2025-01-15,29819,3,Market,2,0,3,1,1,0,0,1,94,5
V_003,Kheda,HH_V_003_031,SRV_005,2025-01-15,24000,3,Market,3,0,3,1,1,0,0,1,72,27
V_003,Kheda,HH_V_003_032,SRV_008,2025-01-15,22578,3,Market,2,0,5,1,1,0,0,1,65,34
V_003,Kheda,HH_V_003_033,SRV_007,2025-01-15,32103,3,Market,0,0,4,0,1,0,0,1,100,0
V_003,Kheda,HH_V_003_034,SRV_006,2025-01-15,24690,3,Market,1,0,5,0,1,0,0,1,70,29
V_003,Kheda,HH_V_003_035,SRV_009,2025-01-15,20637,3,Market,2,0,3,1,1,0,0,1,63,36
V_003,Kheda,HH_V_003_036,SRV_005,2025-01-15,12614,2,Self-grown,3,0,4,1,1,2,0,1,37,62
V_003,Kheda,HH_V_003_037,SRV_007,2025-01-15,17906,2,Market,3,0,5,1,1,0,0,1,53,46
V_003,Kheda,HH_V_003_038,SRV_004,2025-01-15,21418,3,Market,2,0,5,1,1,0,0,1,61,38
V_003,Kheda,HH_V_003_039,SRV_003,2025-01-15,20821,2,Market,2,0,5,1,1,0,0,1,52,47
V_003,Kheda,HH_V_003_040,SRV_002,2025-01-15,20991,3,Market,2,0,4,1,1,0,0,1,65,34
V_003,Kheda,HH_V_003_041,SRV_003,2025-01-15,20171,3,Market,2,0,4,1,1,0,0,1,60,39
V_003,Kheda,HH_V_003_042,SRV_008,2025-01-15,23987,3,Market,3,0,5,1,1,0,0,1,76,23
V_003,Kheda,HH_V_003_043,SRV_008,2025-01-15,15882,2,Self-grown,5,0,6,1,1,0,0,1,44,55
V_003,Kheda,HH_V_003_044,SRV_008,2025-01-15,19998,3,Market,3,0,4,0,1,0,0,1,67,32
V_003,Kheda,HH_V_003_045,SRV_004,2025-01-15,24415,3,Market,2,0,3,1,1,0,0,1,70,29
V_003,Kheda,HH_V_003_046,SRV_008,2025-01-15,24602,3,Market,1,0,4,1,1,0,0,1,79,20
V_003,Kheda,HH_V_003_047,SRV_004,2025-01-15,25190,3,Market,1,0,2,1,1,0,0,1,73,26
V_003,Kheda,HH_V_003_048,SRV_003,2025-01-15,22192,3,Market,3,0,6,1,1,0,0,1,60,39
V_003,Kheda,HH_V_003_049,SRV_009,2025-01-15,22191,3,Market,1,0,3,1,1,0,0,1,70,29
V_003,Kheda,HH_V_003_050,SRV_008,2025-01-15,21758,3,Market,2,0,3,1,1,0,0,1,64,35
V_003,Kheda,HH_V_003_051,SRV_004,2025-01-15,20232,3,Market,2,0,4,1,1,0,0,1,60,39
V_003,Kheda,HH_V_003_052,SRV_003,2025-01-15,14998,2,Self-grown,4,0,5,1,1,0,0,1,42,57
V_003,Kheda,HH_V_003_053,SRV_004,2025-01-15,31885,3,Market,1,0,5,1,1,0,0,1,95,4
V_003,Kheda,HH_V_003_054,SRV_004,2025-01-15,24589,3,Market,2,0,5,1,1,0,0,1,73,26
V_003,Kheda,HH_V_003_055,SRV_005,2025-01-15,27877,3,Market,0,0,3,1,1,0,0,1,89,10
V_003,Kheda,HH_V_003_056,SRV_004,2025-01-15,25035,3,Market,2,0,3,1,1,0,0,1,81,18
V_003,Kheda,HH_V_003_057,SRV_004,2025-01-15,27756,3,Market,1,0,4,0,1,0,0,1,86,13
V_003,Kheda,HH_V_003_058,SRV_008,2025-01-15,30495,3,Market,2,0,2,1,1,0,0,1,90,9
V_003,Kheda,HH_V_003_059,SRV_002,2025-01-15,18749,2,Market,4,0,4,1,1,0,0,1,53,46
V_003,Kheda,HH_V_003_060,SRV_009,2025-01-15,22707,3,Market,2,0,4,0,1,0,0,1,69,30
V_003,Kheda,HH_V_003_061,SRV_004,2025-01-15,14688,2,PDS/Ration,5,0,3,0,1,3,0,1,43,56
V_003,Kheda,HH_V_003_062,SRV_009,2025-01-15,21889,3,Market,3,0,3,1,1,0,0,1,69,30
V_003,Kheda,HH_V_003_063,SRV_006,2025-01-15,25894,3,Market,2,0,4,1,1,0,0,1,73,26
V_003,Kheda,HH_V_003_064,SRV_003,2025-01-15,21533,3,Market,3,0,7,0,1,0,0,1,60,39
V_003,Kheda,HH_V_003_065,SRV_001,2025-01-15,23544,3,Market,2,0,4,0,1,0,0,1,64,35
V_003,Kheda,HH_V_003_066,SRV_003,2025-01-15,21334,2,Market,4,0,5,1,1,0,0,1,58,41
V_003,Kheda,HH_V_003_067,SRV_005,2025-01-15,24719,3,Market,2,0,6,1,1,0,0,1,77,22
V_003,Kheda,HH_V_003_068,SRV_009,2025-01-15,27907,3,Market,2,0,1,1,1,0,0,1,88,11
V_003,Kheda,HH_V_003_069,SRV_002,2025-01-15,16579,2,Market,4,0,3,1,1,0,0,1,50,49
V_003,Kheda,HH_V_003_070,SRV_007,2025-01-15,25881,3,Market,1,0,3,1,1,0,0,1,76,23
V_003,Kheda,HH_V_003_071,SRV_008,2025-01-15,22406,3,Market,2,0,4,0,1,0,0,1,73,26
V_003,Kheda,HH_V_003_072,SRV_003,2025-01-15,24799,3,Market,1,0,3,1,1,0,0,1,79,20
V_003,Kheda,HH_V_003_073,SRV_006,2025-01-15,19726,3,Market,3,0,3,1,1,0,0,1,60,39
V_003,Kheda,HH_V_003_074,SRV_005,2025-01-15,30619,3,Market,0,0,4,1,1,0,0,1,94,5
V_003,Kheda,HH_V_003_075,SRV_003,2025-01-15,29087,3,Market,1,0,2,1,1,0,0,1,91,8
V_003,Kheda,HH_V_003_076,SRV_006,2025-01-15,31046,3,Market,2,0,4,1,1,0,0,1,88,11
V_003,Kheda,HH_V_003_077,SRV_007,2025-01-15,21726,3,Market,2,0,3,1,1,0,0,1,60,39
V_003,Kheda,HH_V_003_078,SRV_006,2025-01-15,20833,3,Market,3,0,5,1,1,0,0,1,63,36
V_003,Kheda,HH_V_003_079,SRV_001,2025-01-15,26014,3,Market,2,0,4,1,1,0,0,1,72,27
V_003,Kheda,HH_V_003_080,SRV_003,2025-01-15,21470,2,Market,3,0,5,1,1,0,0,1,58,41
V_003,Kheda,HH_V_003_081,SRV_002,2025-01-15,11821,2,Self-grown,3,0,5,0,1,3,0,1,37,62
V_003,Kheda,HH_V_003_082,SRV_008,2025-01-15,17110,2,Market,2,0,4,1,1,0,0,1,58,41
V_003,Kheda,HH_V_003_083,SRV_008,2025-01-15,28733,3,Market,0,0,2,1,1,0,0,1,89,10
V_003,Kheda,HH_V_003_084,SRV_009,2025-01-15,14464,2,PDS/Ration,5,0,3,1,1,2,0,1,43,56
V_003,Kheda,HH_V_003_085,SRV_003,2025-01-15,23118,3,Market,3,0,3,1,1,0,0,1,72,27
V_003,Kheda,HH_V_003_086,SRV_003,2025-01-15,25838,3,Market,3,0,4,0,1,0,0,1,81,18
V_003,Kheda,HH_V_003_087,SRV_005,2025-01-15,24759,3,Market,3,0,4,1,1,0,0,1,79,20
V_003,Kheda,HH_V_003_088,SRV_005,2025-01-15,14514,2,Market,4,0,3,1,1,0,0,1,50,49
V_003,Kheda,HH_V_003_089,SRV_005,2025-01-15,20073,3,Market,3,0,5,1,1,0,0,1,60,39
V_003,Kheda,HH_V_003_090,SRV_008,2025-01-15,24608,3,Market,2,0,5,1,1,0,0,1,75,24
V_003,Kheda,HH_V_003_091,SRV_008,2025-01-15,20987,3,Market,3,0,3,1,1,0,0,1,60,39
V_003,Kheda,HH_V_003_092,SRV_004,2025-01-15,21124,3,Market,2,0,5,1,1,0,0,1,64,35
V_003,Kheda,HH_V_003_093,SRV_003,2025-01-15,24368,3,Market,3,0,6,1,1,0,0,1,71,28
V_003,Kheda,HH_V_003_094,SRV_009,2025-01-15,16404,2,Market,3,0,6,1,1,0,0,1,53,46
V_003,Kheda,HH_V_003_095,SRV_005,2025-01-15,19779,3,Market,4,0,4,1,1,0,0,1,63,36
V_003,Kheda,HH_V_003_096,SRV_008,2025-01-15,27407,3,Market,1,0,4,1,1,0,0,1,85,14
V_003,Kheda,HH_V_003_097,SRV_001,2025-01-15,26554,3,Market,2,0,4,0,1,0,0,1,78,21
V_003,Kheda,HH_V_003_098,SRV_006,2025-01-15,19104,2,Market,4,0,6,1,1,0,0,1,57,42
V_003,Kheda,HH_V_003_099,SRV_009,2025-01-15,17090,2,PDS/Ration,5,0,4,1,1,3,0,1,47,52
V_004,Nandur,HH_V_004_000,SRV_009,2025-01-15,21718,3,Market,2,0,5,1,1,0,0,1,63,36
V_004,Nandur,HH_V_004_001,SRV_006,2025-01-15,22127,3,Market,1,0,4,0,1,0,0,1,69,30
V_004,Nandur,HH_V_004_002,SRV_004,2025-01-15,11976,2,Self-grown,5,0,4,0,1,1,0,1,37,62
V_004,Nandur,HH_V_004_003,SRV_007,2025-01-15,22312,3,Market,3,0,4,1,1,0,0,1,74,25
V_004,Nandur,HH_V_004_004,SRV_002,2025-01-15,9651,2,PDS/Ration,4,1,5,1,0,1,0,1,25,74
V_004,Nandur,HH_V_004_005,SRV_008,2025-01-15,20288,3,Market,4,0,3,0,1,0,0,1,62,37
V_004,Nandur,HH_V_004_006,SRV_009,2025-01-15,15750,2,PDS/Ration,4,0,5,1,1,2,0,1,45,54
V_004,Nandur,HH_V_004_007,SRV_003,2025-01-15,30057,3,Market,1,0,2,0,1,0,0,1,100,0
V_004,Nandur,HH_V_004_008,SRV_002,2025-01-15,22973,2,Market,4,0,3,1,1,0,0,1,58,41
V_004,Nandur,HH_V_004_009,SRV_008,2025-01-15,18924,2,Market,2,0,3,1,1,0,0,1,56,43
V_004,Nandur,HH_V_004_010,SRV_006,2025-01-15,20296,3,Market,2,0,5,1,1,0,0,1,60,39
V_004,Nandur,HH_V_004_011,SRV_009,2025-01-15,11120,2,PDS/Ration,4,1,5,0,1,3,0,1,31,68
V_004,Nandur,HH_V_004_012,SRV_002,2025-01-15,18628,2,Market,3,0,3,1,1,0,0,1,59,40
V_004,Nandur,HH_V_004_013,SRV_006,2025-01-15,23162,3,Market,1,0,3,1,1,0,0,1,70,29
V_004,Nandur,HH_V_004_014,SRV_001,2025-01-15,19746,3,Market,2,0,4,1,1,0,0,1,60,39
V_004,Nandur,HH_V_004_015,SRV_003,2025-01-15,20128,3,Market,3,0,5,0,1,0,0,1,67,32
V_004,Nandur,HH_V_004_016,SRV_009,2025-01-15,25548,3,Market,3,0,5,1,1,0,0,1,81,18
V_004,Nandur,HH_V_004_017,SRV_009,2025-01-15,21672,3,Market,3,0,5,0,1,0,0,1,63,36
V_004,Nandur,HH_V_004_018,SRV_004,2025-01-15,21072,3,Market,2,0,4,1,1,0,0,1,61,38
V_004,Nandur,HH_V_004_019,SRV_008,2025-01-15,26456,3,Market,3,0,5,1,1,0,0,1,76,23
V_004,Nandur,HH_V_004_020,SRV_003,2025-01-15,30379,3,Market,2,0,4,1,1,0,0,1,93,6
V_004,Nandur,HH_V_004_021,SRV_006,2025-01-15,20392,3,Market,3,0,4,1,1,0,0,1,65,34
V_004,Nandur,HH_V_004_022,SRV_005,2025-01-15,14634,2,Self-grown,3,0,5,1,1,0,0,1,42,57
V_004,Nandur,HH_V_004_023,SRV_007,2025-01-15,23053,3,Market,3,0,3,1,1,0,0,1,71,28
V_004,Nandur,HH_V_004_024,SRV_009,2025-01-15,19766,2,Market,4,0,6,0,1,0,0,1,57,42
V_004,Nandur,HH_V_004_025,SRV_008,2025-01-15,21745,3,Market,3,0,5,1,1,0,0,1,67,32
V_004,Nandur,HH_V_004_026,SRV_003,2025-01-15,22114,3,Market,4,0,5,0,1,0,0,1,61,38
V_004,Nandur,HH_V_004_027,SRV_007,2025-01-15,25381,3,Market,1,0,4,1,1,0,0,1,80,19
V_004,Nandur,HH_V_004_028,SRV_003,2025-01-15,17434,2,Market,4,0,3,1,1,0,0,1,53,46
V_004,Nandur,HH_V_004_029,SRV_001,2025-01-15,22152,3,Market,1,0,4,0,1,0,0,1,66,33
V_004,Nandur,HH_V_004_030,SRV_003,2025-01-15,10176,2,Self-grown,5,1,5,1,0,1,0,1,26,73
V_004,Nandur,HH_V_004_031,SRV_003,2025-01-15,18225,2,Market,3,0,3,1,1,0,0,1,59,40
V_004,Nandur,HH_V_004_032,SRV_005,2025-01-15,23400,3,Market,1,0,4,1,1,0,0,1,70,29
V_004,Nandur,HH_V_004_033,SRV_005,2025-01-15,24121,3,Market,3,0,4,1,1,0,0,1,73,26
V_004,Nandur,HH_V_004_034,SRV_007,2025-01-15,29093,3,Market,0,0,4,0,1,0,0,1,93,6
V_004,Nandur,HH_V_004_035,SRV_009,2025-01-15,17231,2,Market,3,0,4,1,1,0,0,1,51,48
V_004,Nandur,HH_V_004_036,SRV_004,2025-01-15,19999,3,Market,3,0,5,1,1,0,0,1,62,37
V_004,Nandur,HH_V_004_037,SRV_001,2025-01-15,20484,3,Market,4,0,3,1,1,0,0,1,60,39
V_004,Nandur,HH_V_004_038,SRV_008,2025-01-15,11040,2,Self-grown,4,0,2,1,1,1,0,1,30,69
V_004,Nandur,HH_V_004_039,SRV_007,2025-01-15,24337,3,Market,2,0,3,1,1,0,0,1,73,26
V_004,Nandur,HH_V_004_040,SRV_006,2025-01-15,20074,2,Market,4,0,5,1,1,0,0,1,55,44
V_004,Nandur,HH_V_004_041,SRV_006,2025-01-15,23757,3,Market,2,0,5,1,1,0,0,1,72,27
V_004,Nandur,HH_V_004_042,SRV_008,2025-01-15,21541,3,Market,4,0,5,1,1,0,0,1,60,39
V_004,Nandur,HH_V_004_043,SRV_008,2025-01-15,20964,2,Market,2,0,5,1,1,0,0,1,59,40
V_004,Nandur,HH_V_004_044,SRV_004,2025-01-15,7942,2,Self-grown,4,1,6,1,0,0,0,1,20,79
V_004,Nandur,HH_V_004_045,SRV_005,2025-01-15,16256,2,Market,4,0,6,1,1,0,0,1,50,49
V_004,Nandur,HH_V_004_046,SRV_001,2025-01-15,25659,3,Market,2,0,5,0,1,0,0,1,75,24
V_004,Nandur,HH_V_004_047,SRV_002,2025-01-15,25191,3,Market,2,0,5,1,1,0,0,1,73,26
V_004,Nandur,HH_V_004_048,SRV_004,2025-01-15,21253,3,Market,1,0,4,1,1,0,0,1,69,30
V_004,Nandur,HH_V_004_049,SRV_007,2025-01-15,19240,3,Market,3,0,3,1,1,0,0,1,62,37
V_004,Nandur,HH_V_004_050,SRV_009,2025-01-15,23718,3,Market,3,0,6,0,1,0,0,1,67,32
V_004,Nandur,HH_V_004_051,SRV_002,2025-01-15,13667,2,PDS/Ration,4,0,4,1,1,3,0,1,42,57
V_004,Nandur,HH_V_004_052,SRV_006,2025-01-15,22866,3,Market,2,0,4,0,1,0,0,1,73,26
V_004,Nandur,HH_V_004_053,SRV_004,2025-01-15,19479,2,Market,2,0,4,1,1,0,0,1,57,42
V_004,Nandur,HH_V_004_054,SRV_007,2025-01-15,21959,2,Market,4,0,3,1,1,0,0,1,59,40
V_004,Nandur,HH_V_004_055,SRV_005,2025-01-15,16045,2,Self-grown,4,0,3,0,1,3,0,1,44,55
V_004,Nandur,HH_V_004_056,SRV_005,2025-01-15,19697,2,Market,3,0,4,1,1,0,0,1,56,43
V_004,Nandur,HH_V_004_057,SRV_008,2025-01-15,25275,3,Market,3,0,5,0,1,0,0,1,78,21
V_004,Nandur,HH_V_004_058,SRV_001,2025-01-15,23123,3,Market,4,0,5,1,1,0,0,1,61,38
V_004,Nandur,HH_V_004_059,SRV_007,2025-01-15,14826,2,PDS/Ration,3,0,6,1,1,2,0,1,49,50
V_004,Nandur,HH_V_004_060,SRV_001,2025-01-15,25450,3,Market,2,0,5,1,1,0,0,1,77,22
V_004,Nandur,HH_V_004_061,SRV_008,2025-01-15,11184,2,Self-grown,5,1,5,1,0,1,0,1,28,71
V_004,Nandur,HH_V_004_062,SRV_008,2025-01-15,29411,3,Market,1,0,3,1,1,0,0,1,87,12
V_004,Nandur,HH_V_004_063,SRV_002,2025-01-15,16902,2,PDS/Ration,5,0,3,1,1,2,0,1,48,51
V_004,Nandur,HH_V_004_064,SRV_002,2025-01-15,22336,3,Market,3,0,5,0,1,0,0,1,60,39
V_004,Nandur,HH_V_004_065,SRV_002,2025-01-15,25838,3,Market,1,0,7,1,1,0,0,1,76,23
V_004,Nandur,HH_V_004_066,SRV_007,2025-01-15,17348,2,Self-grown,4,0,6,0,1,1,0,1,48,51
V_004,Nandur,HH_V_004_067,SRV_008,2025-01-15,17938,2,Market,2,0,2,1,1,0,0,1,51,48
V_004,Nandur,HH_V_004_068,SRV_003,2025-01-15,21400,3,Market,2,0,4,1,1,0,0,1,63,36
V_004,Nandur,HH_V_004_069,SRV_008,2025-01-15,12852,2,PDS/Ration,4,1,5,1,1,2,0,1,32,67
V_004,Nandur,HH_V_004_070,SRV_003,2025-01-15,23603,3,Market,3,0,5,1,1,0,0,1,74,25
V_004,Nandur,HH_V_004_071,SRV_009,2025-01-15,23227,3,Market,3,0,4,0,1,0,0,1,76,23
V_004,Nandur,HH_V_004_072,SRV_002,2025-01-15,15038,2,Market,3,0,5,1,1,0,0,1,51,48
V_004,Nandur,HH_V_004_073,SRV_009,2025-01-15,20216,3,Market,4,0,5,1,1,0,0,1,60,39
V_004,Nandur,HH_V_004_074,SRV_009,2025-01-15,18564,2,Market,2,0,4,1,1,0,0,1,57,42
V_004,Nandur,HH_V_004_075,SRV_009,2025-01-15,21598,3,Market,4,0,5,0,1,0,0,1,63,36
V_004,Nandur,HH_V_004_076,SRV_002,2025-01-15,24169,3,Market,2,0,4,1,1,0,0,1,71,28
V_004,Nandur,HH_V_004_077,SRV_007,2025-01-15,18628,2,PDS/Ration,5,0,2,1,1,2,0,1,47,52
V_004,Nandur,HH_V_004_078,SRV_006,2025-01-15,25326,3,Market,2,0,2,1,1,0,0,1,81,18
V_004,Nandur,HH_V_004_079,SRV_001,2025-01-15,13865,2,Self-grown,3,0,5,1,1,2,0,1,40,59
V_004,Nandur,HH_V_004_080,SRV_001,2025-01-15,23969,3,Market,1,0,5,1,1,0,0,1,75,24
V_004,Nandur,HH_V_004_081,SRV_001,2025-01-15,15127,2,PDS/Ration,4,0,3,0,1,2,0,1,49,50
V_004,Nandur,HH_V_004_082,SRV_009,2025-01-15,24622,3,Market,3,0,3,1,1,0,0,1,77,22
V_004,Nandur,HH_V_004_083,SRV_004,2025-01-15,23878,3,Market,1,0,4,1,1,0,0,1,73,26
V_004,Nandur,HH_V_004_084,SRV_009,2025-01-15,10652,2,Self-grown,6,1,6,0,0,3,0,1,29,70
V_004,Nandur,HH_V_004_085,SRV_006,2025-01-15,19143,2,Market,3,0,5,1,1,0,0,1,52,47
V_004,Nandur,HH_V_004_086,SRV_009,2025-01-15,18404,2,Market,2,0,3,1,1,0,0,1,51,48
V_004,Nandur,HH_V_004_087,SRV_003,2025-01-15,22588,3,Market,2,0,4,1,1,0,0,1,73,26
V_004,Nandur,HH_V_004_088,SRV_008,2025-01-15,17389,2,Market,2,0,4,1,1,0,0,1,51,48
V_004,Nandur,HH_V_004_089,SRV_001,2025-01-15,26208,3,Market,2,0,5,1,1,0,0,1,79,20
V_004,Nandur,HH_V_004_090,SRV_006,2025-01-15,21048,3,Market,2,0,4,0,1,0,0,1,65,34
V_004,Nandur,HH_V_004_091,SRV_008,2025-01-15,16902,2,Market,4,0,4,1,1,0,0,1,53,46
V_004,Nandur,HH_V_004_092,SRV_008,2025-01-15,7447,2,Self-grown,5,1,4,1,0,1,0,1,20,79
V_004,Nandur,HH_V_004_093,SRV_002,2025-01-15,25366,3,Market,2,0,3,1,1,0,0,1,76,23
V_004,Nandur,HH_V_004_094,SRV_004,2025-01-15,22884,3,Market,2,0,4,1,1,0,0,1,71,28
V_004,Nandur,HH_V_004_095,SRV_008,2025-01-15,22172,3,Market,1,0,4,1,1,0,0,1,70,29
V_004,Nandur,HH_V_004_096,SRV_006,2025-01-15,26793,3,Market,2,0,6,0,1,0,0,1,86,13
V_004,Nandur,HH_V_004_097,SRV_003,2025-01-15,21011,3,Market,2,0,6,1,1,0,0,1,67,32
V_004,Nandur,HH_V_004_098,SRV_002,2025-01-15,18322,2,Market,2,0,5,1,1,0,0,1,54,45
V_004,Nandur,HH_V_004_099,SRV_009,2025-01-15,24873,3,Market,2,0,5,1,1,0,0,1,71,28
V_005,Dantewada,HH_V_005_000,SRV_004,2025-01-15,1204,2,Self-grown,8,1,6,1,0,0,1,0,0,100
V_005,Dantewada,HH_V_005_001,SRV_006,2025-01-15,6888,2,Self-grown,5,1,5,0,0,1,1,1,12,87
V_005,Dantewada,HH_V_005_002,SRV_002,2025-01-15,2489,1,PDS/Ration,6,1,5,1,0,3,1,0,0,100
V_005,Dantewada,HH_V_005_003,SRV_004,2025-01-15,4976,2,Self-grown,5,1,5,1,0,3,1,0,7,92
V_005,Dantewada,HH_V_005_004,SRV_001,2025-01-15,2346,2,Self-grown,7,1,6,1,0,2,1,0,0,100
V_005,Dantewada,HH_V_005_005,SRV_003,2025-01-15,3656,1,PDS/Ration,6,1,7,1,0,0,1,0,8,91
V_005,Dantewada,HH_V_005_006,SRV_008,2025-01-15,3732,1,Self-grown,5,1,4,0,0,0,1,0,5,94
V_005,Dantewada,HH_V_005_007,SRV_008,2025-01-15,10050,2,PDS/Ration,6,1,6,1,0,3,0,1,26,73
V_005,Dantewada,HH_V_005_008,SRV_004,2025-01-15,7220,2,Self-grown,5,1,5,1,0,1,1,1,17,82
V_005,Dantewada,HH_V_005_009,SRV_007,2025-01-15,2078,1,Self-grown,7,1,5,1,0,0,1,0,0,100
V_005,Dantewada,HH_V_005_010,SRV_008,2025-01-15,2049,2,PDS/Ration,8,1,6,1,0,3,1,0,0,100
V_005,Dantewada,HH_V_005_011,SRV_005,2025-01-15,1744,2,PDS/Ration,6,1,5,1,0,2,1,0,0,100
V_005,Dantewada,HH_V_005_012,SRV_005,2025-01-15,2910,2,PDS/Ration,7,1,6,0,0,0,1,0,0,100
V_005,Dantewada,HH_V_005_013,SRV_005,2025-01-15,6813,2,PDS/Ration,6,1,6,0,0,1,1,1,16,83
V_005,Dantewada,HH_V_005_014,SRV_001,2025-01-15,1813,1,Self-grown,7,1,5,1,0,2,1,0,0,100
V_005,Dantewada,HH_V_005_015,SRV_001,2025-01-15,4202,1,PDS/Ration,5,1,6,1,0,0,1,0,9,90
V_005,Dantewada,HH_V_005_016,SRV_003,2025-01-15,5324,2,PDS/Ration,5,1,5,1,0,2,1,1,10,89
V_005,Dantewada,HH_V_005_017,SRV_009,2025-01-15,3943,1,PDS/Ration,5,1,5,1,0,1,1,0,7,92
V_005,Dantewada,HH_V_005_018,SRV_006,2025-01-15,6276,2,PDS/Ration,5,1,6,1,0,3,1,1,11,88
V_005,Dantewada,HH_V_005_019,SRV_002,2025-01-15,1375,1,Self-grown,6,1,5,1,0,1,1,0,0,100
V_005,Dantewada,HH_V_005_020,SRV_006,2025-01-15,9130,2,Self-grown,6,1,5,1,0,1,0,1,21,78
V_005,Dantewada,HH_V_005_021,SRV_008,2025-01-15,8827,2,Self-grown,4,0,5,1,0,2,0,1,22,77
V_005,Dantewada,HH_V_005_022,SRV_007,2025-01-15,8358,1,PDS/Ration,5,0,6,1,0,2,1,1,15,84
V_005,Dantewada,HH_V_005_023,SRV_008,2025-01-15,11368,2,PDS/Ration,6,0,7,1,0,3,0,1,27,72
V_005,Dantewada,HH_V_005_024,SRV_008,2025-01-15,8501,2,Self-grown,6,1,5,1,0,2,0,1,20,79
V_005,Dantewada,HH_V_005_025,SRV_008,2025-01-15,3922,2,Self-grown,5,1,6,0,0,1,1,0,8,91
V_005,Dantewada,HH_V_005_026,SRV_004,2025-01-15,2745,2,Self-grown,6,1,6,1,0,1,1,0,0,100
V_005,Dantewada,HH_V_005_027,SRV_007,2025-01-15,2510,2,PDS/Ration,5,1,5,1,0,3,1,0,0,99
V_005,Dantewada,HH_V_005_028,SRV_005,2025-01-15,3820,2,Self-grown,5,1,5,1,0,1,1,0,2,97
V_005,Dantewada,HH_V_005_029,SRV_008,2025-01-15,3110,2,Self-grown,6,1,6,0,0,0,1,0,0,100
V_005,Dantewada,HH_V_005_030,SRV_004,2025-01-15,500,2,PDS/Ration,6,1,5,1,0,1,1,0,0,100
V_005,Dantewada,HH_V_005_031,SRV_009,2025-01-15,8436,1,PDS/Ration,6,0,6,1,0,3,1,1,17,82
V_005,Dantewada,HH_V_005_032,SRV_006,2025-01-15,2780,2,PDS/Ration,8,1,6,1,0,0,1,0,0,100
V_005,Dantewada,HH_V_005_033,SRV_006,2025-01-15,5918,2,PDS/Ration,6,1,4,1,0,3,1,1,10,89
V_005,Dantewada,HH_V_005_034,SRV_006,2025-01-15,5978,2,PDS/Ration,6,1,4,1,0,0,0,1,20,79
V_005,Dantewada,HH_V_005_035,SRV_006,2025-01-15,2949,2,PDS/Ration,8,1,4,1,0,1,1,0,0,100
V_005,Dantewada,HH_V_005_036,SRV_009,2025-01-15,2486,2,Self-grown,8,1,5,0,0,2,1,0,0,100
V_005,Dantewada,HH_V_005_037,SRV_002,2025-01-15,2537,1,PDS/Ration,6,1,6,0,0,1,1,0,0,100
V_005,Dantewada,HH_V_005_038,SRV_009,2025-01-15,500,1,Self-grown,6,1,5,1,0,1,1,0,0,100
V_005,Dantewada,HH_V_005_039,SRV_005,2025-01-15,14498,2,PDS/Ration,4,1,4,1,1,3,0,1,39,60
V_005,Dantewada,HH_V_005_040,SRV_004,2025-01-15,2463,2,PDS/Ration,7,1,7,0,0,2,1,0,0,100
V_005,Dantewada,HH_V_005_041,SRV_006,2025-01-15,10116,2,Self-grown,6,1,5,1,0,2,0,1,26,73
V_005,Dantewada,HH_V_005_042,SRV_001,2025-01-15,4423,2,Self-grown,5,1,6,1,0,1,1,0,8,91
V_005,Dantewada,HH_V_005_043,SRV_003,2025-01-15,12066,2,Self-grown,3,1,6,0,1,1,0,1,33,66
V_005,Dantewada,HH_V_005_044,SRV_008,2025-01-15,1528,1,PDS/Ration,6,1,6,1,0,0,1,0,0,100
V_005,Dantewada,HH_V_005_045,SRV_001,2025-01-15,1991,1,Self-grown,8,1,5,0,0,0,1,0,0,100
V_005,Dantewada,HH_V_005_046,SRV_009,2025-01-15,1431,1,Self-grown,8,1,6,0,0,3,1,0,0,100
V_005,Dantewada,HH_V_005_047,SRV_001,2025-01-15,12211,2,Self-grown,3,1,5,1,1,2,0,1,35,64
V_005,Dantewada,HH_V_005_048,SRV_005,2025-01-15,799,1,PDS/Ration,7,1,6,1,0,2,1,0,0,100
V_005,Dantewada,HH_V_005_049,SRV_003,2025-01-15,1453,2,PDS/Ration,6,1,4,0,0,0,1,0,0,100
V_005,Dantewada,HH_V_005_050,SRV_009,2025-01-15,2108,1,Self-grown,7,1,5,1,0,3,1,0,1,98
V_005,Dantewada,HH_V_005_051,SRV_007,2025-01-15,4041,1,PDS/Ration,7,1,3,1,0,0,1,0,7,92
V_005,Dantewada,HH_V_005_052,SRV_008,2025-01-15,4900,2,PDS/Ration,5,1,7,1,0,2,1,1,13,86
V_005,Dantewada,HH_V_005_053,SRV_002,2025-01-15,9653,2,PDS/Ration,4,1,7,1,0,3,0,1,25,74
V_005,Dantewada,HH_V_005_054,SRV_008,2025-01-15,4029,1,PDS/Ration,6,0,5,1,0,1,1,0,7,92
V_005,Dantewada,HH_V_005_055,SRV_004,2025-01-15,4794,1,PDS/Ration,7,1,4,1,0,2,1,0,7,92
V_005,Dantewada,HH_V_005_056,SRV_003,2025-01-15,500,1,Self-grown,6,1,5,1,0,0,1,0,0,100
V_005,Dantewada,HH_V_005_057,SRV_008,2025-01-15,13807,2,Self-grown,4,1,6,1,1,3,0,1,37,62
V_005,Dantewada,HH_V_005_058,SRV_001,2025-01-15,2955,1,PDS/Ration,5,1,7,1,0,3,1,0,4,95
V_005,Dantewada,HH_V_005_059,SRV_002,2025-01-15,9258,2,Self-grown,6,1,3,1,0,2,0,1,20,79
V_005,Dantewada,HH_V_005_060,SRV_006,2025-01-15,9163,2,Self-grown,6,1,4,0,0,1,0,1,24,75
V_005,Dantewada,HH_V_005_061,SRV_003,2025-01-15,1333,2,Self-grown,6,0,6,1,0,2,1,0,3,96
V_005,Dantewada,HH_V_005_062,SRV_009,2025-01-15,1633,2,PDS/Ration,6,1,7,0,0,2,1,0,0,100
V_005,Dantewada,HH_V_005_063,SRV_003,2025-01-15,5346,2,PDS/Ration,6,0,5,1,0,3,1,1,15,84
V_005,Dantewada,HH_V_005_064,SRV_005,2025-01-15,8409,2,Self-grown,6,1,6,1,0,3,0,1,26,73
V_005,Dantewada,HH_V_005_065,SRV_001,2025-01-15,558,1,PDS/Ration,8,1,4,1,0,3,1,0,0,100
V_005,Dantewada,HH_V_005_066,SRV_003,2025-01-15,5481,1,Self-grown,7,1,5,1,0,3,1,1,13,86
V_005,Dantewada,HH_V_005_067,SRV_006,2025-01-15,4636,1,PDS/Ration,6,0,5,1,0,1,1,1,11,88
V_005,Dantewada,HH_V_005_068,SRV_002,2025-01-15,2046,1,Self-grown,7,1,7,0,0,2,1,0,0,100
V_005,Dantewada,HH_V_005_069,SRV_009,2025-01-15,3463,1,Self-grown,5,1,6,1,0,0,1,0,4,95
V_005,Dantewada,HH_V_005_070,SRV_006,2025-01-15,8373,2,PDS/Ration,5,1,5,1,0,1,1,1,18,81
V_005,Dantewada,HH_V_005_071,SRV_001,2025-01-15,5594,1,Self-grown,7,1,6,1,0,1,1,0,1,98
V_005,Dantewada,HH_V_005_072,SRV_002,2025-01-15,6965,1,Self-grown,6,1,6,1,0,2,1,1,19,80
V_005,Dantewada,HH_V_005_073,SRV_003,2025-01-15,4538,1,Self-grown,7,1,7,1,0,1,1,1,11,88
V_005,Dantewada,HH_V_005_074,SRV_004,2025-01-15,2692,1,Self-grown,8,1,5,1,0,3,1,0,0,100
V_005,Dantewada,HH_V_005_075,SRV_002,2025-01-15,1067,1,Self-grown,8,1,6,1,0,1,1,0,0,100
V_005,Dantewada,HH_V_005_076,SRV_001,2025-01-15,2447,2,Self-grown,6,1,6,1,0,2,1,0,0,100
V_005,Dantewada,HH_V_005_077,SRV_003,2025-01-15,8615,2,Self-grown,6,1,4,1,0,2,1,1,19,80
V_005,Dantewada,HH_V_005_078,SRV_004,2025-01-15,3523,2,PDS/Ration,6,1,5,1,0,1,1,0,6,93
V_005,Dantewada,HH_V_005_079,SRV_004,2025-01-15,9760,2,Self-grown,5,1,6,1,0,1,0,1,28,71
V_005,Dantewada,HH_V_005_080,SRV_005,2025-01-15,11707,2,Self-grown,3,1,3,1,1,0,0,1,35,64
V_005,Dantewada,HH_V_005_081,SRV_009,2025-01-15,1318,2,PDS/Ration,8,1,3,1,0,2,1,0,0,100
V_005,Dantewada,HH_V_005_082,SRV_004,2025-01-15,7954,2,PDS/Ration,4,0,3,1,0,2,0,1,21,78
V_005,Dantewada,HH_V_005_083,SRV_006,2025-01-15,9497,1,Self-grown,4,1,6,1,0,0,1,1,17,82
V_005,Dantewada,HH_V_005_084,SRV_001,2025-01-15,8250,2,Self-grown,6,1,4,1,0,2,0,1,20,79
V_005,Dantewada,HH_V_005_085,SRV_007,2025-01-15,1108,1,PDS/Ration,8,1,6,1,0,2,1,0,0,100
V_005,Dantewada,HH_V_005_086,SRV_004,2025-01-15,6613,1,Self-grown,7,1,5,1,0,1,1,1,12,87
V_005,Dantewada,HH_V_005_087,SRV_006,2025-01-15,2766,2,Self-grown,7,0,6,1,0,0,1,0,4,95
V_005,Dantewada,HH_V_005_088,SRV_005,2025-01-15,5046,1,Self-grown,6,1,6,1,0,0,1,0,8,91
V_005,Dantewada,HH_V_005_089,SRV_002,2025-01-15,10062,2,PDS/Ration,4,1,5,1,1,3,0,1,31,68
V_005,Dantewada,HH_V_005_090,SRV_006,2025-01-15,7302,2,Self-grown,5,1,5,0,0,0,0,1,25,74
V_005,Dantewada,HH_V_005_091,SRV_001,2025-01-15,4261,2,PDS/Ration,6,1,4,0,0,2,1,0,0,100
V_005,Dantewada,HH_V_005_092,SRV_004,2025-01-15,1539,2,PDS/Ration,7,1,5,1,0,0,1,0,0,100
V_005,Dantewada,HH_V_005_093,SRV_009,2025-01-15,8000,2,Self-grown,7,1,5,1,0,3,1,1,16,83
V_005,Dantewada,HH_V_005_094,SRV_008,2025-01-15,9240,2,PDS/Ration,5,1,5,1,0,2,1,1,18,81
V_005,Dantewada,HH_V_005_095,SRV_005,2025-01-15,500,2,Self-grown,6,1,4,1,0,3,1,0,0,100
V_005,Dantewada,HH_V_005_096,SRV_008,2025-01-15,8002,1,PDS/Ration,4,1,4,1,0,2,1,1,19,80
V_005,Dantewada,HH_V_005_097,SRV_007,2025-01-15,1569,2,PDS/Ration,7,1,5,1,0,0,1,0,0,100
V_005,Dantewada,HH_V_005_098,SRV_007,2025-01-15,723,2,PDS/Ration,6,1,8,1,0,2,1,0,0,100
V_005,Dantewada,HH_V_005_099,SRV_003,2025-01-15,500,1,PDS/Ration,6,1,6,1,0,1,1,0,0,100
V_006,Palakkad,HH_V_006_000,SRV_008,2025-01-15,27424,3,Market,1,0,4,0,1,0,0,1,88,11
V_006,Palakkad,HH_V_006_001,SRV_001,2025-01-15,22021,3,Market,3,0,4,1,1,0,0,1,73,26
V_006,Palakkad,HH_V_006_002,SRV_003,2025-01-15,24106,3,Market,2,0,3,1,1,0,0,1,71,28
V_006,Palakkad,HH_V_006_003,SRV_004,2025-01-15,22475,3,Market,1,0,4,1,1,0,0,1,72,27
V_006,Palakkad,HH_V_006_004,SRV_009,2025-01-15,27707,3,Market,2,0,4,1,1,0,0,1,86,13
V_006,Palakkad,HH_V_006_005,SRV_003,2025-01-15,29570,3,Market,2,0,5,1,1,0,0,1,100,0
V_006,Palakkad,HH_V_006_006,SRV_001,2025-01-15,26612,3,Market,2,0,4,1,1,0,0,1,76,23
V_006,Palakkad,HH_V_006_007,SRV_002,2025-01-15,22788,3,Market,4,0,4,0,1,0,0,1,62,37
V_006,Palakkad,HH_V_006_008,SRV_008,2025-01-15,28666,3,Market,0,0,5,1,1,0,0,1,88,11
V_006,Palakkad,HH_V_006_009,SRV_006,2025-01-15,23993,3,Market,1,0,3,1,1,0,0,1,73,26
V_006,Palakkad,HH_V_006_010,SRV_004,2025-01-15,27537,3,Market,1,0,3,1,1,0,0,1,88,11
V_006,Palakkad,HH_V_006_011,SRV_005,2025-01-15,25717,3,Market,3,0,4,1,1,0,0,1,81,18
V_006,Palakkad,HH_V_006_012,SRV_008,2025-01-15,24311,3,Market,2,0,4,1,1,0,0,1,81,18
V_006,Palakkad,HH_V_006_013,SRV_002,2025-01-15,22210,3,Market,2,0,3,1,1,0,0,1,70,29
V_006,Palakkad,HH_V_006_014,SRV_003,2025-01-15,30754,3,Market,2,0,3,1,1,0,0,1,91,8
V_006,Palakkad,HH_V_006_015,SRV_007,2025-01-15,23306,3,Market,3,0,3,1,1,0,0,1,69,30
V_006,Palakkad,HH_V_006_016,SRV_007,2025-01-15,30138,3,Market,0,0,2,1,1,0,0,1,100,0
V_006,Palakkad,HH_V_006_017,SRV_001,2025-01-15,31576,3,Market,0,0,1,1,1,0,0,1,99,0
V_006,Palakkad,HH_V_006_018,SRV_007,2025-01-15,23456,3,Market,3,0,4,1,1,0,0,1,69,30
V_006,Palakkad,HH_V_006_019,SRV_005,2025-01-15,28670,3,Market,0,0,5,1,1,0,0,1,86,13
V_006,Palakkad,HH_V_006_020,SRV_008,2025-01-15,23013,3,Market,1,0,5,1,1,0,0,1,70,29
V_006,Palakkad,HH_V_006_021,SRV_001,2025-01-15,30944,3,Market,2,0,4,1,1,0,0,1,91,8
V_006,Palakkad,HH_V_006_022,SRV_002,2025-01-15,24327,3,Market,1,0,4,1,1,0,0,1,71,28
V_006,Palakkad,HH_V_006_023,SRV_005,2025-01-15,18994,2,Market,3,0,2,1,1,0,0,1,57,42
V_006,Palakkad,HH_V_006_024,SRV_009,2025-01-15,28897,3,Market,1,0,3,1,1,0,0,1,88,11
V_006,Palakkad,HH_V_006_025,SRV_008,2025-01-15,29793,3,Market,2,0,4,0,1,0,0,1,90,9
V_006,Palakkad,HH_V_006_026,SRV_008,2025-01-15,33081,3,Market,1,0,4,1,1,0,0,1,98,1
V_006,Palakkad,HH_V_006_027,SRV_006,2025-01-15,23584,3,Market,3,0,4,1,1,0,0,1,72,27
V_006,Palakkad,HH_V_006_028,SRV_008,2025-01-15,26987,3,Market,1,0,3,0,1,0,0,1,85,14
V_006,Palakkad,HH_V_006_029,SRV_003,2025-01-15,31962,3,Market,0,0,2,1,1,0,0,1,100,0
V_006,Palakkad,HH_V_006_030,SRV_009,2025-01-15,33011,3,Market,0,0,5,0,1,0,0,1,100,0
V_006,Palakkad,HH_V_006_031,SRV_007,2025-01-15,28021,3,Market,0,0,5,0,1,0,0,1,87,12
V_006,Palakkad,HH_V_006_032,SRV_001,2025-01-15,18010,2,Market,3,0,5,1,1,0,0,1,57,42
V_006,Palakkad,HH_V_006_033,SRV_007,2025-01-15,28588,3,Market,2,0,3,1,1,0,0,1,83,16
V_006,Palakkad,HH_V_006_034,SRV_009,2025-01-15,21172,3,Market,2,0,4,1,1,0,0,1,64,35
V_006,Palakkad,HH_V_006_035,SRV_002,2025-01-15,19974,3,Market,4,0,4,1,1,0,0,1,64,35
V_006,Palakkad,HH_V_006_036,SRV_009,2025-01-15,27065,3,Market,0,0,4,1,1,0,0,1,84,15
V_006,Palakkad,HH_V_006_037,SRV_001,2025-01-15,26564,3,Market,3,0,3,1,1,0,0,1,81,18
V_006,Palakkad,HH_V_006_038,SRV_007,2025-01-15,22029,3,Market,2,0,3,1,1,0,0,1,64,35
V_006,Palakkad,HH_V_006_039,SRV_008,2025-01-15,24665,3,Market,2,0,4,0,1,0,0,1,76,23
V_006,Palakkad,HH_V_006_040,SRV_002,2025-01-15,26241,3,Market,3,0,4,1,1,0,0,1,81,18
V_006,Palakkad,HH_V_006_041,SRV_002,2025-01-15,29408,3,Market,2,0,2,1,1,0,0,1,97,2
V_006,Palakkad,HH_V_006_042,SRV_007,2025-01-15,20900,3,Market,3,0,4,1,1,0,0,1,64,35
V_006,Palakkad,HH_V_006_043,SRV_007,2025-01-15,24060,3,Market,1,0,4,1,1,0,0,1,78,21
V_006,Palakkad,HH_V_006_044,SRV_002,2025-01-15,27552,3,Market,0,0,4,1,1,0,0,1,88,11
V_006,Palakkad,HH_V_006_045,SRV_006,2025-01-15,18038,2,Market,4,0,3,1,1,0,0,1,57,42
V_006,Palakkad,HH_V_006_046,SRV_004,2025-01-15,29839,3,Market,1,0,2,1,1,0,0,1,89,10
V_006,Palakkad,HH_V_006_047,SRV_008,2025-01-15,33146,3,Market,2,0,4,1,1,0,0,1,100,0
V_006,Palakkad,HH_V_006_048,SRV_001,2025-01-15,26636,3,Market,1,0,6,1,1,0,0,1,77,22
V_006,Palakkad,HH_V_006_049,SRV_007,2025-01-15,26047,3,Market,3,0,3,1,1,0,0,1,80,19
V_006,Palakkad,HH_V_006_050,SRV_004,2025-01-15,19035,2,Market,2,0,5,1,1,0,0,1,57,42
V_006,Palakkad,HH_V_006_051,SRV_006,2025-01-15,30139,3,Market,0,0,2,1,1,0,0,1,100,0
V_006,Palakkad,HH_V_006_052,SRV_008,2025-01-15,24235,3,Market,3,0,2,0,1,0,0,1,72,27
V_006,Palakkad,HH_V_006_053,SRV_001,2025-01-15,19493,2,Market,3,0,5,1,1,0,0,1,59,40
V_006,Palakkad,HH_V_006_054,SRV_001,2025-01-15,18738,2,Market,2,0,5,0,1,0,0,1,59,40
V_006,Palakkad,HH_V_006_055,SRV_006,2025-01-15,28314,3,Market,1,0,1,1,1,0,0,1,92,7
V_006,Palakkad,HH_V_006_056,SRV_006,2025-01-15,27077,3,Market,1,0,4,0,1,0,0,1,85,14
V_006,Palakkad,HH_V_006_057,SRV_006,2025-01-15,26087,3,Market,3,0,5,1,1,0,0,1,80,19
V_006,Palakkad,HH_V_006_058,SRV_009,2025-01-15,29684,3,Market,2,0,3,0,1,0,0,1,95,4
V_006,Palakkad,HH_V_006_059,SRV_008,2025-01-15,25256,3,Market,2,0,3,1,1,0,0,1,74,25
V_006,Palakkad,HH_V_006_060,SRV_001,2025-01-15,30535,3,Market,2,0,4,0,1,0,0,1,95,4
V_006,Palakkad,HH_V_006_061,SRV_001,2025-01-15,24236,3,Market,3,0,3,1,1,0,0,1,72,27
V_006,Palakkad,HH_V_006_062,SRV_009,2025-01-15,23842,3,Market,1,0,5,0,1,0,0,1,71,28
V_006,Palakkad,HH_V_006_063,SRV_003,2025-01-15,22884,3,Market,1,0,5,0,1,0,0,1,71,28
V_006,Palakkad,HH_V_006_064,SRV_009,2025-01-15,19585,2,Market,2,0,5,1,1,0,0,1,56,43
V_006,Palakkad,HH_V_006_065,SRV_005,2025-01-15,31530,3,Market,0,0,3,0,1,0,0,1,97,2
V_006,Palakkad,HH_V_006_066,SRV_002,2025-01-15,27143,3,Market,0,0,2,1,1,0,0,1,84,15
V_006,Palakkad,HH_V_006_067,SRV_008,2025-01-15,22978,3,Market,2,0,3,1,1,0,0,1,68,31
V_006,Palakkad,HH_V_006_068,SRV_009,2025-01-15,27009,3,Market,0,0,4,1,1,0,0,1,88,11
V_006,Palakkad,HH_V_006_069,SRV_002,2025-01-15,19022,3,Market,4,0,4,1,1,0,0,1,63,36
V_006,Palakkad,HH_V_006_070,SRV_008,2025-01-15,27990,3,Market,0,0,3,0,1,0,0,1,89,10
V_006,Palakkad,HH_V_006_071,SRV_002,2025-01-15,30365,3,Market,1,0,5,1,1,0,0,1,99,0
V_006,Palakkad,HH_V_006_072,SRV_007,2025-01-15,30464,3,Market,1,0,3,1,1,0,0,1,94,5
V_006,Palakkad,HH_V_006_073,SRV_009,2025-01-15,30988,3,Market,0,0,5,0,1,0,0,1,94,5
V_006,Palakkad,HH_V_006_074,SRV_009,2025-01-15,28320,3,Market,0,0,6,0,1,0,0,1,89,10
V_006,Palakkad,HH_V_006_075,SRV_005,2025-01-15,32276,3,Market,1,0,2,0,1,0,0,1,100,0
V_006,Palakkad,HH_V_006_076,SRV_002,2025-01-15,30599,3,Market,0,0,5,0,1,0,0,1,93,6
V_006,Palakkad,HH_V_006_077,SRV_005,2025-01-15,22156,3,Market,3,0,4,1,1,0,0,1,65,34
V_006,Palakkad,HH_V_006_078,SRV_004,2025-01-15,30549,3,Market,0,0,5,1,1,0,0,1,90,9
V_006,Palakkad,HH_V_006_079,SRV_002,2025-01-15,25881,3,Market,3,0,3,1,1,0,0,1,78,21
V_006,Palakkad,HH_V_006_080,SRV_009,2025-01-15,27727,3,Market,0,0,3,1,1,0,0,1,84,15
V_006,Palakkad,HH_V_006_081,SRV_005,2025-01-15,29404,3,Market,1,0,3,0,1,0,0,1,89,10
V_006,Palakkad,HH_V_006_082,SRV_001,2025-01-15,27847,3,Market,1,0,4,1,1,0,0,1,93,6
V_006,Palakkad,HH_V_006_083,SRV_006,2025-01-15,27503,3,Market,1,0,4,1,1,0,0,1,86,13
V_006,Palakkad,HH_V_006_084,SRV_008,2025-01-15,29152,3,Market,1,0,2,0,1,0,0,1,90,9
V_006,Palakkad,HH_V_006_085,SRV_004,2025-01-15,26403,3,Market,3,0,4,1,1,0,0,1,82,17
V_006,Palakkad,HH_V_006_086,SRV_006,2025-01-15,27579,3,Market,3,0,2,0,1,0,0,1,83,16
V_006,Palakkad,HH_V_006_087,SRV_009,2025-01-15,26982,3,Market,3,0,3,0,1,0,0,1,75,24
V_006,Palakkad,HH_V_006_088,SRV_009,2025-01-15,26724,3,Market,2,0,4,1,1,0,0,1,86,13
V_006,Palakkad,HH_V_006_089,SRV_005,2025-01-15,19849,3,Market,3,0,4,1,1,0,0,1,62,37
V_006,Palakkad,HH_V_006_090,SRV_001,2025-01-15,28084,3,Market,0,0,3,1,1,0,0,1,87,12
V_006,Palakkad,HH_V_006_091,SRV_009,2025-01-15,27885,3,Market,1,0,5,1,1,0,0,1,86,13
V_006,Palakkad,HH_V_006_092,SRV_001,2025-01-15,17181,2,Market,3,0,4,1,1,0,0,1,53,46
V_006,Palakkad,HH_V_006_093,SRV_009,2025-01-15,17931,2,Market,4,0,3,0,1,0,0,1,53,46
V_006,Palakkad,HH_V_006_094,SRV_005,2025-01-15,31029,3,Market,1,0,5,1,1,0,0,1,100,0
V_006,Palakkad,HH_V_006_095,SRV_008,2025-01-15,33468,3,Market,1,0,2,1,1,0,0,1,100,0
V_006,Palakkad,HH_V_006_096,SRV_005,2025-01-15,19167,3,Market,2,0,4,1,1,0,0,1,60,39
V_006,Palakkad,HH_V_006_097,SRV_001,2025-01-15,15540,2,Self-grown,5,0,5,1,1,2,0,1,46,53
V_006,Palakkad,HH_V_006_098,SRV_002,2025-01-15,20643,3,Market,2,0,3,1,1,0,0,1,62,37
V_006,Palakkad,HH_V_006_099,SRV_007,2025-01-15,23125,3,Market,3,0,4,1,1,0,0,1,67,32
V_007,Koraput,HH_V_007_000,SRV_009,2025-01-15,8047,2,Self-grown,6,1,3,0,0,1,0,1,23,76
V_007,Koraput,HH_V_007_001,SRV_006,2025-01-15,3935,2,PDS/Ration,7,1,5,0,0,0,1,0,9,90
V_007,Koraput,HH_V_007_002,SRV_003,2025-01-15,500,1,PDS/Ration,7,1,5,1,0,1,1,0,0,100
V_007,Koraput,HH_V_007_003,SRV_003,2025-01-15,3716,1,Self-grown,7,1,6,1,0,1,1,0,0,100
V_007,Koraput,HH_V_007_004,SRV_001,2025-01-15,8636,2,Self-grown,5,1,5,0,0,3,0,1,22,77
V_007,Koraput,HH_V_007_005,SRV_001,2025-01-15,1130,1,PDS/Ration,7,1,6,1,0,1,1,0,0,100
V_007,Koraput,HH_V_007_006,SRV_006,2025-01-15,14030,2,Self-grown,5,1,5,1,1,3,0,1,38,61
V_007,Koraput,HH_V_007_007,SRV_002,2025-01-15,1720,2,Self-grown,7,1,3,1,0,2,1,0,4,95
V_007,Koraput,HH_V_007_008,SRV_003,2025-01-15,7345,2,Self-grown,5,1,6,1,0,2,1,1,17,82
V_007,Koraput,HH_V_007_009,SRV_009,2025-01-15,1739,2,Self-grown,7,1,6,1,0,1,1,0,0,100
V_007,Koraput,HH_V_007_010,SRV_001,2025-01-15,6851,2,Self-grown,6,1,4,1,0,1,1,1,13,86
V_007,Koraput,HH_V_007_011,SRV_007,2025-01-15,5013,1,PDS/Ration,7,1,5,0,0,0,1,1,13,86
V_007,Koraput,HH_V_007_012,SRV_001,2025-01-15,604,2,PDS/Ration,6,1,7,1,0,2,1,0,0,100
V_007,Koraput,HH_V_007_013,SRV_002,2025-01-15,10352,2,Self-grown,5,0,6,0,1,0,0,1,30,69
V_007,Koraput,HH_V_007_014,SRV_007,2025-01-15,16861,2,Self-grown,5,0,4,1,1,3,0,1,49,50
V_007,Koraput,HH_V_007_015,SRV_008,2025-01-15,3767,1,PDS/Ration,7,1,9,1,0,2,1,0,4,95
V_007,Koraput,HH_V_007_016,SRV_009,2025-01-15,11008,2,Self-grown,4,0,5,1,0,0,0,1,28,71
V_007,Koraput,HH_V_007_017,SRV_001,2025-01-15,10760,2,Self-grown,4,1,5,1,0,0,0,1,25,74
V_007,Koraput,HH_V_007_018,SRV_004,2025-01-15,3518,2,Self-grown,8,1,7,1,0,0,1,0,0,100
V_007,Koraput,HH_V_007_019,SRV_006,2025-01-15,9547,2,Self-grown,5,1,6,1,0,2,0,1,21,78
V_007,Koraput,HH_V_007_020,SRV_004,2025-01-15,6023,1,PDS/Ration,5,0,4,1,0,1,1,1,10,89
V_007,Koraput,HH_V_007_021,SRV_004,2025-01-15,8064,2,PDS/Ration,6,1,3,1,0,1,1,1,19,80
V_007,Koraput,HH_V_007_022,SRV_006,2025-01-15,2039,2,Self-grown,7,1,5,1,0,0,1,0,0,100
V_007,Koraput,HH_V_007_023,SRV_006,2025-01-15,12037,2,Self-grown,4,1,6,1,0,0,0,1,29,70
V_007,Koraput,HH_V_007_024,SRV_002,2025-01-15,3884,1,PDS/Ration,5,1,5,1,0,2,1,0,3,96
V_007,Koraput,HH_V_007_025,SRV_003,2025-01-15,5246,2,PDS/Ration,5,1,6,1,0,3,1,0,7,92
V_007,Koraput,HH_V_007_026,SRV_001,2025-01-15,6952,2,Self-grown,6,1,6,1,0,2,0,1,21,78
V_007,Koraput,HH_V_007_027,SRV_001,2025-01-15,3874,2,PDS/Ration,7,1,8,0,0,0,1,0,7,92
V_007,Koraput,HH_V_007_028,SRV_001,2025-01-15,2447,2,PDS/Ration,5,1,5,0,0,2,1,0,4,95
V_007,Koraput,HH_V_007_029,SRV_009,2025-01-15,6519,1,Self-grown,6,1,5,1,0,1,1,1,16,83
V_007,Koraput,HH_V_007_030,SRV_003,2025-01-15,7562,1,Self-grown,6,1,6,1,0,3,1,1,14,85
V_007,Koraput,HH_V_007_031,SRV_002,2025-01-15,14750,2,PDS/Ration,5,1,3,0,1,3,0,1,38,61
V_007,Koraput,HH_V_007_032,SRV_002,2025-01-15,8274,2,PDS/Ration,6,1,6,0,0,3,0,1,22,77
V_007,Koraput,HH_V_007_033,SRV_008,2025-01-15,13990,2,PDS/Ration,5,1,4,1,1,1,0,1,38,61
V_007,Koraput,HH_V_007_034,SRV_001,2025-01-15,500,1,Self-grown,7,1,4,1,0,0,1,0,0,100
V_007,Koraput,HH_V_007_035,SRV_007,2025-01-15,2471,2,PDS/Ration,7,1,7,1,0,3,1,0,0,99
V_007,Koraput,HH_V_007_036,SRV_003,2025-01-15,9903,2,Self-grown,5,1,5,1,1,1,0,1,33,66
V_007,Koraput,HH_V_007_037,SRV_001,2025-01-15,1006,2,PDS/Ration,7,1,5,1,0,2,1,0,0,100
V_007,Koraput,HH_V_007_038,SRV_005,2025-01-15,8695,2,Self-grown,5,1,4,1,0,0,0,1,26,73
V_007,Koraput,HH_V_007_039,SRV_008,2025-01-15,1180,1,Self-grown,6,1,6,1,0,0,1,0,0,100
V_007,Koraput,HH_V_007_040,SRV_006,2025-01-15,8345,2,PDS/Ration,4,1,5,1,0,0,0,1,20,79
V_007,Koraput,HH_V_007_041,SRV_008,2025-01-15,4891,2,PDS/Ration,7,1,4,1,0,3,1,0,8,91
V_007,Koraput,HH_V_007_042,SRV_009,2025-01-15,1838,2,Self-grown,6,1,5,0,0,3,1,0,0,100
V_007,Koraput,HH_V_007_043,SRV_009,2025-01-15,12683,2,PDS/Ration,5,0,4,1,1,3,0,1,38,61
V_007,Koraput,HH_V_007_044,SRV_002,2025-01-15,4246,2,Self-grown,6,1,6,1,0,2,1,1,16,83
V_007,Koraput,HH_V_007_045,SRV_002,2025-01-15,9330,2,PDS/Ration,4,1,6,1,0,1,0,1,25,74
V_007,Koraput,HH_V_007_046,SRV_007,2025-01-15,3488,1,PDS/Ration,5,1,7,1,0,2,1,0,4,95
V_007,Koraput,HH_V_007_047,SRV_008,2025-01-15,20185,2,Market,3,0,5,1,1,0,0,1,58,41
V_007,Koraput,HH_V_007_048,SRV_007,2025-01-15,3279,1,PDS/Ration,6,1,4,1,0,3,1,0,0,100
V_007,Koraput,HH_V_007_049,SRV_002,2025-01-15,5807,1,PDS/Ration,6,1,4,1,0,3,1,1,13,86
V_007,Koraput,HH_V_007_050,SRV_001,2025-01-15,2057,2,Self-grown,7,1,6,1,0,0,1,0,5,94
V_007,Koraput,HH_V_007_051,SRV_003,2025-01-15,5972,2,PDS/Ration,7,1,5,1,0,1,1,1,16,83
V_007,Koraput,HH_V_007_052,SRV_009,2025-01-15,6796,2,Self-grown,6,1,5,0,0,1,1,1,16,83
V_007,Koraput,HH_V_007_053,SRV_005,2025-01-15,10765,2,PDS/Ration,5,1,5,1,1,0,0,1,32,67
V_007,Koraput,HH_V_007_054,SRV_009,2025-01-15,13896,2,PDS/Ration,4,1,6,1,1,3,0,1,38,61
V_007,Koraput,HH_V_007_055,SRV_009,2025-01-15,1698,1,Self-grown,7,1,7,1,0,2,1,0,2,97
V_007,Koraput,HH_V_007_056,SRV_003,2025-01-15,8344,2,PDS/Ration,5,1,5,1,0,1,0,1,20,79
V_007,Koraput,HH_V_007_057,SRV_001,2025-01-15,8749,1,PDS/Ration,5,1,6,1,0,0,1,1,16,83
V_007,Koraput,HH_V_007_058,SRV_002,2025-01-15,4720,2,PDS/Ration,5,1,6,0,0,1,1,1,10,89
V_007,Koraput,HH_V_007_059,SRV_009,2025-01-15,9633,2,PDS/Ration,6,1,2,1,0,0,0,1,24,75
V_007,Koraput,HH_V_007_060,SRV_009,2025-01-15,5004,1,PDS/Ration,5,1,6,1,0,0,1,0,5,94
V_007,Koraput,HH_V_007_061,SRV_008,2025-01-15,4460,2,PDS/Ration,7,1,5,0,0,0,1,0,0,99
V_007,Koraput,HH_V_007_062,SRV_005,2025-01-15,7002,2,Self-grown,5,1,5,1,0,0,1,1,11,88
V_007,Koraput,HH_V_007_063,SRV_009,2025-01-15,10586,2,Self-grown,5,1,7,0,0,0,0,1,28,71
V_007,Koraput,HH_V_007_064,SRV_002,2025-01-15,6940,1,PDS/Ration,6,1,4,1,0,1,1,1,14,85
V_007,Koraput,HH_V_007_065,SRV_005,2025-01-15,11368,2,Self-grown,4,1,4,1,1,3,0,1,36,63
V_007,Koraput,HH_V_007_066,SRV_003,2025-01-15,11633,2,PDS/Ration,5,1,5,0,1,0,0,1,31,68
V_007,Koraput,HH_V_007_067,SRV_002,2025-01-15,12287,2,PDS/Ration,5,1,5,1,0,0,0,1,26,73
V_007,Koraput,HH_V_007_068,SRV_001,2025-01-15,2715,2,PDS/Ration,7,1,5,1,0,0,1,0,0,100
V_007,Koraput,HH_V_007_069,SRV_002,2025-01-15,3916,1,Self-grown,7,1,5,1,0,1,1,0,7,92
V_007,Koraput,HH_V_007_070,SRV_001,2025-01-15,2003,1,PDS/Ration,7,1,7,1,0,0,1,0,0,100
V_007,Koraput,HH_V_007_071,SRV_009,2025-01-15,6201,2,Self-grown,7,1,5,0,0,0,1,1,15,84
V_007,Koraput,HH_V_007_072,SRV_002,2025-01-15,11425,2,PDS/Ration,6,1,4,1,0,1,0,1,28,71
V_007,Koraput,HH_V_007_073,SRV_006,2025-01-15,11527,2,PDS/Ration,5,1,7,1,1,0,0,1,34,65
V_007,Koraput,HH_V_007_074,SRV_006,2025-01-15,10138,2,PDS/Ration,4,1,5,1,0,1,0,1,29,70
V_007,Koraput,HH_V_007_075,SRV_006,2025-01-15,2121,1,Self-grown,5,1,5,1,0,0,1,0,5,94
V_007,Koraput,HH_V_007_076,SRV_009,2025-01-15,19671,2,Market,4,0,3,1,1,0,0,1,57,42
V_007,Koraput,HH_V_007_077,SRV_002,2025-01-15,1695,1,Self-grown,8,1,6,1,0,1,1,0,0,100
V_007,Koraput,HH_V_007_078,SRV_008,2025-01-15,3448,1,PDS/Ration,5,1,5,1,0,3,1,0,4,95
V_007,Koraput,HH_V_007_079,SRV_005,2025-01-15,4828,2,PDS/Ration,7,1,6,0,0,3,1,1,11,88
V_007,Koraput,HH_V_007_080,SRV_006,2025-01-15,6356,2,Self-grown,6,1,6,1,0,2,1,1,17,82
V_007,Koraput,HH_V_007_081,SRV_003,2025-01-15,13497,2,PDS/Ration,5,0,6,1,1,0,0,1,42,57
V_007,Koraput,HH_V_007_082,SRV_001,2025-01-15,4379,2,Self-grown,7,1,5,1,0,0,1,0,0,100
V_007,Koraput,HH_V_007_083,SRV_003,2025-01-15,1829,2,PDS/Ration,5,1,6,1,0,1,1,0,3,96
V_007,Koraput,HH_V_007_084,SRV_009,2025-01-15,1436,2,PDS/Ration,8,1,5,1,0,2,1,0,0,100
V_007,Koraput,HH_V_007_085,SRV_009,2025-01-15,2109,2,PDS/Ration,5,1,5,1,0,3,1,0,1,98
V_007,Koraput,HH_V_007_086,SRV_001,2025-01-15,1076,2,Self-grown,5,1,8,0,0,0,1,0,3,96
V_007,Koraput,HH_V_007_087,SRV_001,2025-01-15,10888,2,PDS/Ration,6,1,5,1,0,1,0,1,26,73
V_007,Koraput,HH_V_007_088,SRV_006,2025-01-15,5575,1,Self-grown,6,1,4,1,0,2,1,1,12,87
V_007,Koraput,HH_V_007_089,SRV_004,2025-01-15,727,1,Self-grown,8,1,8,1,0,2,1,0,0,100
V_007,Koraput,HH_V_007_090,SRV_005,2025-01-15,2376,1,Self-grown,7,1,6,1,0,3,1,0,0,100
V_007,Koraput,HH_V_007_091,SRV_005,2025-01-15,9298,2,PDS/Ration,4,1,7,1,0,0,0,1,28,71
V_007,Koraput,HH_V_007_092,SRV_007,2025-01-15,10233,2,PDS/Ration,6,1,3,1,1,2,0,1,30,69
V_007,Koraput,HH_V_007_093,SRV_004,2025-01-15,2755,1,Self-grown,6,1,5,1,0,1,1,0,7,92
V_007,Koraput,HH_V_007_094,SRV_001,2025-01-15,5091,2,PDS/Ration,5,1,6,1,0,3,1,1,10,89
V_007,Koraput,HH_V_007_095,SRV_003,2025-01-15,9128,2,Self-grown,6,1,4,1,0,2,0,1,24,75
V_007,Koraput,HH_V_007_096,SRV_005,2025-01-15,5944,1,Self-grown,4,1,4,1,0,0,1,1,17,82
V_007,Koraput,HH_V_007_097,SRV_006,2025-01-15,7118,1,Self-grown,5,1,5,1,0,1,1,1,16,83
V_007,Koraput,HH_V_007_098,SRV_008,2025-01-15,1330,2,PDS/Ration,6,1,5,1,0,2,1,0,0,100
V_007,Koraput,HH_V_007_099,SRV_002,2025-01-15,5827,2,Self-grown,7,1,5,1,0,3,1,1,12,87
V_008,Mawlynnong,HH_V_008_000,SRV_007,2025-01-15,15682,2,PDS/Ration,5,0,5,0,1,0,0,1,49,50
V_008,Mawlynnong,HH_V_008_001,SRV_002,2025-01-15,15453,2,Market,4,0,3,1,1,0,0,1,50,49
V_008,Mawlynnong,HH_V_008_002,SRV_005,2025-01-15,13342,2,PDS/Ration,6,1,5,1,0,1,0,1,27,72
V_008,Mawlynnong,HH_V_008_003,SRV_005,2025-01-15,24599,3,Market,2,0,3,1,1,0,0,1,74,25
V_008,Mawlynnong,HH_V_008_004,SRV_007,2025-01-15,27874,3,Market,2,0,4,1,1,0,0,1,86,13
V_008,Mawlynnong,HH_V_008_005,SRV_001,2025-01-15,26086,3,Market,1,0,4,1,1,0,0,1,79,20
V_008,Mawlynnong,HH_V_008_006,SRV_006,2025-01-15,19377,3,Market,4,0,5,1,1,0,0,1,60,39
V_008,Mawlynnong,HH_V_008_007,SRV_006,2025-01-15,26884,3,Market,2,0,2,0,1,0,0,1,77,22
V_008,Mawlynnong,HH_V_008_008,SRV_003,2025-01-15,16718,2,Market,2,0,4,1,1,0,0,1,56,43
V_008,Mawlynnong,HH_V_008_009,SRV_009,2025-01-15,24165,3,Market,1,0,3,1,1,0,0,1,73,26
V_008,Mawlynnong,HH_V_008_010,SRV_004,2025-01-15,24201,3,Market,1,0,4,0,1,0,0,1,75,24
V_008,Mawlynnong,HH_V_008_011,SRV_005,2025-01-15,25991,3,Market,3,0,5,1,1,0,0,1,72,27
V_008,Mawlynnong,HH_V_008_012,SRV_008,2025-01-15,16979,2,Market,2,0,3,1,1,0,0,1,52,47
V_008,Mawlynnong,HH_V_008_013,SRV_005,2025-01-15,25539,3,Market,2,0,4,1,1,0,0,1,76,23
V_008,Mawlynnong,HH_V_008_014,SRV_006,2025-01-15,20527,2,Market,4,0,4,1,1,0,0,1,58,41
V_008,Mawlynnong,HH_V_008_015,SRV_008,2025-01-15,24946,3,Market,3,0,3,1,1,0,0,1,77,22
V_008,Mawlynnong,HH_V_008_016,SRV_006,2025-01-15,24126,3,Market,1,0,2,1,1,0,0,1,73,26
V_008,Mawlynnong,HH_V_008_017,SRV_006,2025-01-15,16413,2,PDS/Ration,5,0,4,1,1,0,0,1,45,54
V_008,Mawlynnong,HH_V_008_018,SRV_002,2025-01-15,27725,3,Market,2,0,3,1,1,0,0,1,84,15
V_008,Mawlynnong,HH_V_008_019,SRV_002,2025-01-15,24272,3,Market,2,0,3,1,1,0,0,1,74,25
V_008,Mawlynnong,HH_V_008_020,SRV_008,2025-01-15,20889,2,Market,3,0,5,1,1,0,0,1,59,40
V_008,Mawlynnong,HH_V_008_021,SRV_003,2025-01-15,21009,2,Market,2,0,5,0,1,0,0,1,58,41
V_008,Mawlynnong,HH_V_008_022,SRV_001,2025-01-15,31889,3,Market,0,0,4,1,1,0,0,1,100,0
V_008,Mawlynnong,HH_V_008_023,SRV_001,2025-01-15,22081,3,Market,4,0,5,0,1,0,0,1,60,39
V_008,Mawlynnong,HH_V_008_024,SRV_006,2025-01-15,22733,3,Market,3,0,4,0,1,0,0,1,68,31
V_008,Mawlynnong,HH_V_008_025,SRV_005,2025-01-15,18878,2,Market,3,0,5,1,1,0,0,1,58,41
V_008,Mawlynnong,HH_V_008_026,SRV_007,2025-01-15,15762,2,Self-grown,3,0,5,1,1,2,0,1,46,53
V_008,Mawlynnong,HH_V_008_027,SRV_002,2025-01-15,15613,2,Self-grown,5,0,4,1,1,3,0,1,48,51
V_008,Mawlynnong,HH_V_008_028,SRV_001,2025-01-15,12460,2,PDS/Ration,6,1,4,0,0,0,0,1,29,70
V_008,Mawlynnong,HH_V_008_029,SRV_001,2025-01-15,21812,3,Market,4,0,4,1,1,0,0,1,62,37
V_008,Mawlynnong,HH_V_008_030,SRV_007,2025-01-15,22641,3,Market,1,0,6,1,1,0,0,1,68,31
V_008,Mawlynnong,HH_V_008_031,SRV_001,2025-01-15,24444,3,Market,3,0,6,1,1,0,0,1,74,25
V_008,Mawlynnong,HH_V_008_032,SRV_002,2025-01-15,19714,2,Market,4,0,6,1,1,0,0,1,54,45
V_008,Mawlynnong,HH_V_008_033,SRV_004,2025-01-15,23118,3,Market,3,0,5,0,1,0,0,1,69,30
V_008,Mawlynnong,HH_V_008_034,SRV_008,2025-01-15,27992,3,Market,0,0,4,1,1,0,0,1,85,14
V_008,Mawlynnong,HH_V_008_035,SRV_001,2025-01-15,19199,2,Market,2,0,4,1,1,0,0,1,59,40
V_008,Mawlynnong,HH_V_008_036,SRV_002,2025-01-15,19852,2,Market,4,0,4,1,1,0,0,1,58,41
V_008,Mawlynnong,HH_V_008_037,SRV_004,2025-01-15,26999,3,Market,3,0,4,1,1,0,0,1,81,18
V_008,Mawlynnong,HH_V_008_038,SRV_008,2025-01-15,14747,2,PDS/Ration,4,0,6,0,1,0,0,1,42,57
V_008,Mawlynnong,HH_V_008_039,SRV_009,2025-01-15,18246,2,Market,4,0,5,1,1,0,0,1,54,45
V_008,Mawlynnong,HH_V_008_040,SRV_009,2025-01-15,30400,3,Market,1,0,3,1,1,0,0,1,92,7
V_008,Mawlynnong,HH_V_008_041,SRV_003,2025-01-15,25014,3,Market,3,0,5,1,1,0,0,1,80,19
V_008,Mawlynnong,HH_V_008_042,SRV_001,2025-01-15,17472,2,Market,3,0,4,0,1,0,0,1,50,49
V_008,Mawlynnong,HH_V_008_043,SRV_004,2025-01-15,31535,3,Market,2,0,3,1,1,0,0,1,97,2
V_008,Mawlynnong,HH_V_008_044,SRV_009,2025-01-15,24169,3,Market,3,0,3,1,1,0,0,1,73,26
V_008,Mawlynnong,HH_V_008_045,SRV_006,2025-01-15,19513,2,Market,2,0,4,1,1,0,0,1,59,40
V_008,Mawlynnong,HH_V_008_046,SRV_008,2025-01-15,16963,2,Market,2,0,6,1,1,0,0,1,51,48
V_008,Mawlynnong,HH_V_008_047,SRV_008,2025-01-15,16004,2,Self-grown,3,0,6,1,1,2,0,1,46,53
V_008,Mawlynnong,HH_V_008_048,SRV_007,2025-01-15,15624,2,Self-grown,4,0,6,1,1,3,0,1,49,50
V_008,Mawlynnong,HH_V_008_049,SRV_002,2025-01-15,24774,3,Market,2,0,3,0,1,0,0,1,78,21
V_008,Mawlynnong,HH_V_008_050,SRV_008,2025-01-15,17600,2,Market,2,0,5,1,1,0,0,1,52,47
V_008,Mawlynnong,HH_V_008_051,SRV_004,2025-01-15,25712,3,Market,2,0,2,1,1,0,0,1,73,26
V_008,Mawlynnong,HH_V_008_052,SRV_002,2025-01-15,24449,3,Market,2,0,4,1,1,0,0,1,81,18
V_008,Mawlynnong,HH_V_008_053,SRV_003,2025-01-15,19233,2,Market,4,0,5,0,1,0,0,1,53,46
V_008,Mawlynnong,HH_V_008_054,SRV_007,2025-01-15,11859,2,Self-grown,5,1,4,0,1,2,0,1,31,68
V_008,Mawlynnong,HH_V_008_055,SRV_007,2025-01-15,25102,3,Market,3,0,5,0,1,0,0,1,72,27
V_008,Mawlynnong,HH_V_008_056,SRV_008,2025-01-15,28938,3,Market,1,0,5,1,1,0,0,1,87,12
V_008,Mawlynnong,HH_V_008_057,SRV_003,2025-01-15,20271,2,Market,3,0,4,0,1,0,0,1,57,42
V_008,Mawlynnong,HH_V_008_058,SRV_008,2025-01-15,13604,2,Self-grown,4,1,3,1,1,0,0,1,39,60
V_008,Mawlynnong,HH_V_008_059,SRV_008,2025-01-15,24279,3,Market,2,0,4,1,1,0,0,1,71,28
V_008,Mawlynnong,HH_V_008_060,SRV_005,2025-01-15,22831,3,Market,3,0,5,1,1,0,0,1,70,29
V_008,Mawlynnong,HH_V_008_061,SRV_002,2025-01-15,22663,3,Market,2,0,2,1,1,0,0,1,73,26
V_008,Mawlynnong,HH_V_008_062,SRV_004,2025-01-15,18697,2,Market,3,0,4,1,1,0,0,1,57,42
V_008,Mawlynnong,HH_V_008_063,SRV_005,2025-01-15,24366,3,Market,3,0,3,1,1,0,0,1,74,25
V_008,Mawlynnong,HH_V_008_064,SRV_007,2025-01-15,17928,2,Market,3,0,5,1,1,0,0,1,58,41
V_008,Mawlynnong,HH_V_008_065,SRV_005,2025-01-15,21249,3,Market,2,0,4,1,1,0,0,1,62,37
V_008,Mawlynnong,HH_V_008_066,SRV_008,2025-01-15,18621,2,Market,2,0,4,1,1,0,0,1,52,47
V_008,Mawlynnong,HH_V_008_067,SRV_001,2025-01-15,29313,3,Market,0,0,3,0,1,0,0,1,87,12
V_008,Mawlynnong,HH_V_008_068,SRV_009,2025-01-15,17115,2,Self-grown,3,0,5,1,1,3,0,1,48,51
V_008,Mawlynnong,HH_V_008_069,SRV_008,2025-01-15,19484,3,Market,2,0,5,1,1,0,0,1,60,39
V_008,Mawlynnong,HH_V_008_070,SRV_005,2025-01-15,17686,2,Market,3,0,5,0,1,0,0,1,51,48
V_008,Mawlynnong,HH_V_008_071,SRV_004,2025-01-15,30419,3,Market,2,0,5,1,1,0,0,1,87,12
V_008,Mawlynnong,HH_V_008_072,SRV_003,2025-01-15,18330,2,Market,2,0,5,1,1,0,0,1,53,46
V_008,Mawlynnong,HH_V_008_073,SRV_006,2025-01-15,19395,2,Market,4,0,3,1,1,0,0,1,58,41
V_008,Mawlynnong,HH_V_008_074,SRV_007,2025-01-15,17428,2,Market,3,0,4,1,1,0,0,1,53,46
V_008,Mawlynnong,HH_V_008_075,SRV_008,2025-01-15,19986,3,Market,2,0,5,1,1,0,0,1,62,37
V_008,Mawlynnong,HH_V_008_076,SRV_007,2025-01-15,24628,3,Market,3,0,5,1,1,0,0,1,75,24
V_008,Mawlynnong,HH_V_008_077,SRV_002,2025-01-15,27091,3,Market,1,0,5,1,1,0,0,1,86,13
V_008,Mawlynnong,HH_V_008_078,SRV_008,2025-01-15,18141,2,Market,3,0,6,1,1,0,0,1,52,47
V_008,Mawlynnong,HH_V_008_079,SRV_003,2025-01-15,17121,2,Market,4,0,4,1,1,0,0,1,50,49
V_008,Mawlynnong,HH_V_008_080,SRV_006,2025-01-15,13650,2,Self-grown,5,0,4,1,1,3,0,1,44,55
V_008,Mawlynnong,HH_V_008_081,SRV_006,2025-01-15,25141,3,Market,1,0,5,0,1,0,0,1,74,25
V_008,Mawlynnong,HH_V_008_082,SRV_007,2025-01-15,21548,3,Market,3,0,5,1,1,0,0,1,63,36
V_008,Mawlynnong,HH_V_008_083,SRV_005,2025-01-15,15135,2,Self-grown,5,0,5,1,1,2,0,1,46,53
V_008,Mawlynnong,HH_V_008_084,SRV_008,2025-01-15,23099,3,Market,2,0,4,0,1,0,0,1,66,33
V_008,Mawlynnong,HH_V_008_085,SRV_001,2025-01-15,19222,2,Market,3,0,2,0,1,0,0,1,54,45
V_008,Mawlynnong,HH_V_008_086,SRV_006,2025-01-15,28612,3,Market,2,0,3,0,1,0,0,1,88,11
V_008,Mawlynnong,HH_V_008_087,SRV_007,2025-01-15,27691,3,Market,1,0,5,1,1,0,0,1,84,15
V_008,Mawlynnong,HH_V_008_088,SRV_008,2025-01-15,21059,3,Market,3,0,3,0,1,0,0,1,67,32
V_008,Mawlynnong,HH_V_008_089,SRV_009,2025-01-15,17390,2,Self-grown,4,0,3,0,1,1,0,1,47,52
V_008,Mawlynnong,HH_V_008_090,SRV_007,2025-01-15,25191,3,Market,1,0,5,0,1,0,0,1,79,20
V_008,Mawlynnong,HH_V_008_091,SRV_002,2025-01-15,16893,2,PDS/Ration,3,0,5,0,1,0,0,1,46,53
V_008,Mawlynnong,HH_V_008_092,SRV_006,2025-01-15,23457,3,Market,3,0,4,1,1,0,0,1,68,31
V_008,Mawlynnong,HH_V_008_093,SRV_007,2025-01-15,21446,3,Market,2,0,6,1,1,0,0,1,66,33
V_008,Mawlynnong,HH_V_008_094,SRV_008,2025-01-15,26488,3,Market,3,0,4,1,1,0,0,1,82,17
V_008,Mawlynnong,HH_V_008_095,SRV_007,2025-01-15,26238,3,Market,1,0,5,0,1,0,0,1,78,21
V_008,Mawlynnong,HH_V_008_096,SRV_002,2025-01-15,30056,3,Market,0,0,3,1,1,0,0,1,91,8
V_008,Mawlynnong,HH_V_008_097,SRV_001,2025-01-15,20440,3,Market,4,0,4,1,1,0,0,1,63,36
V_008,Mawlynnong,HH_V_008_098,SRV_009,2025-01-15,22451,3,Market,3,0,4,0,1,0,0,1,71,28
V_008,Mawlynnong,HH_V_008_099,SRV_005,2025-01-15,23971,3,Market,3,0,4,1,1,0,0,1,74,25
