village_id,village_name,household_id,surveyor_id,survey_date,school_age_children_count,enrolled_children_count,dropout_children_count,distance_to_school_km,illiterate_adults_count,total_adults_count,literate_females_count,total_females_count,highest_education_level_encoded,highest_education_level,midday_meal_access_yn,internet_access_yn,teachers_in_school,primary_school_nearby_yn,vulnerability_label
V_001,Bari,HH_V_001_000,SRV_009,2025-01-15,4,1,3,12,3,4,0,2,0,None,1,0,3,0,79
V_001,Bari,HH_V_001_001,SRV_003,2025-01-15,0,0,0,14,3,4,0,2,0,None,0,0,1,0,90
V_001,Bari,HH_V_001_002,SRV_002,2025-01-15,2,1,1,10,2,4,0,2,1,Primary,1,0,4,1,62
V_001,Bari,HH_V_001_003,SRV_003,2025-01-15,4,1,3,10,2,4,0,2,1,Primary,1,0,4,1,60
V_001,Bari,HH_V_001_004,SRV_008,2025-01-15,1,0,1,11,2,4,0,2,1,Primary,0,0,4,1,68
V_001,Bari,HH_V_001_005,SRV_004,2025-01-15,0,0,0,14,3,4,0,2,0,None,0,0,2,0,87
V_001,Bari,HH_V_001_006,SRV_003,2025-01-15,3,0,3,16,4,4,0,2,0,None,0,0,1,0,100
V_001,Bari,HH_V_001_007,SRV_005,2025-01-15,2,1,1,11,2,4,0,2,1,Primary,1,0,4,1,68
V_001,Bari,HH_V_001_008,SRV_001,2025-01-15,1,0,1,12,3,4,0,2,0,None,0,0,3,0,78
V_001,Bari,HH_V_001_009,SRV_009,2025-01-15,0,0,0,14,3,4,0,2,0,None,0,0,1,0,90
V_001,Bari,HH_V_001_010,SRV_008,2025-01-15,2,0,2,16,4,4,0,2,0,None,0,0,1,0,100
V_001,Bari,HH_V_001_011,SRV_008,2025-01-15,4,2,2,11,2,4,0,2,1,Primary,1,0,3,0,72
V_001,Bari,HH_V_001_012,SRV_009,2025-01-15,0,0,0,10,2,4,0,2,1,Primary,0,0,4,1,64
V_001,Bari,HH_V_001_013,SRV_006,2025-01-15,3,1,2,13,3,4,0,2,0,None,1,0,2,0,83
V_001,Bari,HH_V_001_014,SRV_007,2025-01-15,1,0,1,14,3,4,0,2,0,None,0,0,2,0,89
V_001,Bari,HH_V_001_015,SRV_007,2025-01-15,3,2,1,15,3,4,0,2,0,None,1,0,1,0,96
V_001,Bari,HH_V_001_016,SRV_005,2025-01-15,3,1,2,14,3,4,0,2,0,None,1,0,1,0,90
V_001,Bari,HH_V_001_017,SRV_006,2025-01-15,3,1,2,12,3,4,0,2,0,None,1,0,3,0,79
V_001,Bari,HH_V_001_018,SRV_006,2025-01-15,4,3,1,14,3,4,0,2,0,None,1,0,2,0,88
V_001,Bari,HH_V_001_019,SRV_004,2025-01-15,3,1,2,10,2,4,0,2,1,Primary,1,0,4,1,65
V_001,Bari,HH_V_001_020,SRV_006,2025-01-15,1,0,1,15,3,4,0,2,0,None,0,0,1,0,95
V_001,Bari,HH_V_001_021,SRV_005,2025-01-15,2,1,1,12,3,4,0,2,0,None,1,0,3,0,78
V_001,Bari,HH_V_001_022,SRV_008,2025-01-15,0,0,0,13,3,4,0,2,0,None,0,0,2,0,84
V_001,Bari,HH_V_001_023,SRV_002,2025-01-15,0,0,0,14,3,4,0,2,0,None,0,0,1,0,90
V_001,Bari,HH_V_001_024,SRV_003,2025-01-15,3,1,2,14,3,4,0,2,0,None,1,0,1,0,90
V_001,Bari,HH_V_001_025,SRV_006,2025-01-15,0,0,0,14,3,4,0,2,0,None,0,0,1,0,92
V_001,Bari,HH_V_001_026,SRV_003,2025-01-15,2,1,1,10,2,4,0,2,1,Primary,1,0,4,1,62
V_001,Bari,HH_V_001_027,SRV_001,2025-01-15,0,0,0,10,2,4,0,2,1,Primary,0,0,4,1,62
V_001,Bari,HH_V_001_028,SRV_006,2025-01-15,4,2,2,12,3,4,0,2,0,None,1,0,3,0,76
V_001,Bari,HH_V_001_029,SRV_002,2025-01-15,2,0,2,13,3,4,0,2,0,None,0,0,2,0,82
V_001,Bari,HH_V_001_030,SRV_007,2025-01-15,2,1,1,12,3,4,0,2,0,None,1,0,3,0,78
V_001,Bari,HH_V_001_031,SRV_003,2025-01-15,0,0,0,8,2,4,0,2,1,Primary,0,0,5,1,52
V_001,Bari,HH_V_001_032,SRV_006,2025-01-15,2,0,2,13,3,4,0,2,0,None,0,0,2,0,85
V_001,Bari,HH_V_001_033,SRV_008,2025-01-15,2,0,2,15,3,4,0,2,0,None,0,0,1,0,99
V_001,Bari,HH_V_001_034,SRV_008,2025-01-15,2,1,1,7,1,4,1,2,2,Secondary,1,0,6,1,41
V_001,Bari,HH_V_001_035,SRV_003,2025-01-15,4,1,3,14,3,4,0,2,0,None,1,0,1,0,91
V_001,Bari,HH_V_001_036,SRV_009,2025-01-15,1,0,1,9,2,4,0,2,1,Primary,0,0,5,1,53
V_001,Bari,HH_V_001_037,SRV_006,2025-01-15,2,1,1,11,2,4,0,2,1,Primary,1,0,3,0,71
V_001,Bari,HH_V_001_038,SRV_006,2025-01-15,0,0,0,10,2,4,0,2,1,Primary,0,0,4,1,62
V_001,Bari,HH_V_001_039,SRV_004,2025-01-15,2,1,1,15,3,4,0,2,0,None,1,0,1,0,98
V_001,Bari,HH_V_001_040,SRV_003,2025-01-15,0,0,0,14,3,4,0,2,0,None,0,0,2,0,86
V_001,Bari,HH_V_001_041,SRV_001,2025-01-15,2,1,1,16,4,4,0,2,0,None,1,0,1,0,100
V_001,Bari,HH_V_001_042,SRV_004,2025-01-15,3,1,2,11,2,4,0,2,1,Primary,1,0,4,1,67
V_001,Bari,HH_V_001_043,SRV_001,2025-01-15,4,3,1,15,3,4,0,2,0,None,1,0,1,0,97
V_001,Bari,HH_V_001_044,SRV_004,2025-01-15,4,1,3,16,4,4,0,2,0,None,1,0,1,0,100
V_001,Bari,HH_V_001_045,SRV_007,2025-01-15,4,3,1,8,1,4,1,2,2,Secondary,1,0,6,1,49
V_001,Bari,HH_V_001_046,SRV_007,2025-01-15,0,0,0,12,2,4,0,2,1,Primary,0,0,3,0,74
V_001,Bari,HH_V_001_047,SRV_001,2025-01-15,2,0,2,14,3,4,0,2,0,None,0,0,2,0,89
V_001,Bari,HH_V_001_048,SRV_009,2025-01-15,3,1,2,14,3,4,0,2,0,None,1,0,2,0,87
V_001,Bari,HH_V_001_049,SRV_006,2025-01-15,1,0,1,11,2,4,0,2,1,Primary,0,0,3,0,73
V_001,Bari,HH_V_001_050,SRV_001,2025-01-15,4,2,2,11,2,4,0,2,1,Primary,1,0,3,0,70
V_001,Bari,HH_V_001_051,SRV_001,2025-01-15,4,3,1,16,4,4,0,2,0,None,1,0,1,0,100
V_001,Bari,HH_V_001_052,SRV_007,2025-01-15,3,0,3,12,3,4,0,2,0,None,0,0,3,0,77
V_001,Bari,HH_V_001_053,SRV_002,2025-01-15,3,1,2,10,2,4,0,2,1,Primary,1,0,4,1,64
V_001,Bari,HH_V_001_054,SRV_006,2025-01-15,2,1,1,11,2,4,0,2,1,Primary,1,0,3,0,72
V_001,Bari,HH_V_001_055,SRV_001,2025-01-15,4,2,2,13,3,4,0,2,0,None,1,0,2,0,85
V_001,Bari,HH_V_001_056,SRV_006,2025-01-15,2,1,1,12,3,4,0,2,0,None,1,0,3,0,76
V_001,Bari,HH_V_001_057,SRV_004,2025-01-15,1,0,1,12,3,4,0,2,0,None,0,0,3,0,76
V_001,Bari,HH_V_001_058,SRV_001,2025-01-15,0,0,0,14,3,4,0,2,0,None,0,0,1,0,91
V_001,Bari,HH_V_001_059,SRV_001,2025-01-15,2,1,1,13,3,4,0,2,0,None,1,0,2,0,80
V_001,Bari,HH_V_001_060,SRV_002,2025-01-15,4,2,2,10,2,4,0,2,1,Primary,1,0,4,1,65
V_001,Bari,HH_V_001_061,SRV_007,2025-01-15,0,0,0,7,1,4,1,2,2,Secondary,0,0,6,1,46
V_001,Bari,HH_V_001_062,SRV_004,2025-01-15,0,0,0,10,2,4,0,2,1,Primary,0,0,4,1,61
V_001,Bari,HH_V_001_063,SRV_003,2025-01-15,2,0,2,12,3,4,0,2,0,None,0,0,3,0,77
V_001,Bari,HH_V_001_064,SRV_008,2025-01-15,4,3,1,14,3,4,0,2,0,None,1,0,2,0,89
V_001,Bari,HH_V_001_065,SRV_002,2025-01-15,0,0,0,11,2,4,0,2,1,Primary,0,0,4,1,67
V_001,Bari,HH_V_001_066,SRV_008,2025-01-15,1,0,1,10,2,4,0,2,1,Primary,0,0,4,1,66
V_001,Bari,HH_V_001_067,SRV_008,2025-01-15,0,0,0,15,3,4,0,2,0,None,0,0,1,0,95
V_001,Bari,HH_V_001_068,SRV_005,2025-01-15,4,3,1,14,3,4,0,2,0,None,1,0,2,0,89
V_001,Bari,HH_V_001_069,SRV_009,2025-01-15,2,1,1,12,3,4,0,2,0,None,1,0,3,0,78
V_001,Bari,HH_V_001_070,SRV_003,2025-01-15,0,0,0,16,4,4,0,2,0,None,0,0,1,0,100
V_001,Bari,HH_V_001_071,SRV_001,2025-01-15,0,0,0,12,3,4,0,2,0,None,0,0,3,0,76
V_001,Bari,HH_V_001_072,SRV_001,2025-01-15,3,2,1,15,3,4,0,2,0,None,1,0,1,0,99
V_001,Bari,HH_V_001_073,SRV_006,2025-01-15,1,0,1,11,2,4,0,2,1,Primary,0,0,3,0,71
V_001,Bari,HH_V_001_074,SRV_005,2025-01-15,1,0,1,12,3,4,0,2,0,None,0,0,3,0,76
V_001,Bari,HH_V_001_075,SRV_001,2025-01-15,1,0,1,11,2,4,0,2,1,Primary,0,0,3,0,71
V_001,Bari,HH_V_001_076,SRV_009,2025-01-15,4,1,3,13,3,4,0,2,0,None,1,0,2,0,82
V_001,Bari,HH_V_001_077,SRV_006,2025-01-15,3,1,2,9,2,4,0,2,1,Primary,1,0,5,1,56
V_001,Bari,HH_V_001_078,SRV_004,2025-01-15,4,3,1,13,3,4,0,2,0,None,1,0,2,0,84
V_001,Bari,HH_V_001_079,SRV_006,2025-01-15,0,0,0,12,3,4,0,2,0,None,0,0,3,0,76
V_001,Bari,HH_V_001_080,SRV_002,2025-01-15,2,0,2,15,3,4,0,2,0,None,0,0,1,0,97
V_001,Bari,HH_V_001_081,SRV_004,2025-01-15,4,3,1,13,3,4,0,2,0,None,1,0,2,0,80
V_001,Bari,HH_V_001_082,SRV_005,2025-01-15,1,0,1,14,3,4,0,2,0,None,0,0,1,0,91
V_001,Bari,HH_V_001_083,SRV_002,2025-01-15,3,0,3,16,4,4,0,2,0,None,0,0,1,0,100
V_001,Bari,HH_V_001_084,SRV_003,2025-01-15,0,0,0,13,3,4,0,2,0,None,0,0,2,0,86
V_001,Bari,HH_V_001_085,SRV_003,2025-01-15,4,1,3,13,3,4,0,2,0,None,1,0,2,0,82
V_001,Bari,HH_V_001_086,SRV_002,2025-01-15,1,0,1,14,3,4,0,2,0,None,0,0,2,0,89
V_001,Bari,HH_V_001_087,SRV_006,2025-01-15,3,2,1,11,2,4,0,2,1,Primary,1,0,3,0,72
V_001,Bari,HH_V_001_088,SRV_004,2025-01-15,3,1,2,13,3,4,0,2,0,None,1,0,2,0,85
V_001,Bari,HH_V_001_089,SRV_004,2025-01-15,1,0,1,11,2,4,0,2,1,Primary,0,0,3,0,70
V_001,Bari,HH_V_001_090,SRV_003,2025-01-15,3,1,2,12,3,4,0,2,0,None,1,0,3,0,78
V_001,Bari,HH_V_001_091,SRV_007,2025-01-15,1,0,1,10,2,4,0,2,1,Primary,0,0,4,1,66
V_001,Bari,HH_V_001_092,SRV_004,2025-01-15,0,0,0,10,2,4,0,2,1,Primary,0,0,4,1,63
V_001,Bari,HH_V_001_093,SRV_002,2025-01-15,2,0,2,11,2,4,0,2,1,Primary,0,0,4,1,68
V_001,Bari,HH_V_001_094,SRV_008,2025-01-15,2,0,2,16,4,4,0,2,0,None,0,0,1,0,100
V_001,Bari,HH_V_001_095,SRV_002,2025-01-15,1,0,1,15,3,4,0,2,0,None,0,0,1,0,99
V_001,Bari,HH_V_001_096,SRV_008,2025-01-15,3,0,3,11,2,4,0,2,1,Primary,0,0,4,1,68
V_001,Bari,HH_V_001_097,SRV_003,2025-01-15,1,0,1,11,2,4,0,2,1,Primary,0,0,3,0,72
V_001,Bari,HH_V_001_098,SRV_009,2025-01-15,1,0,1,14,3,4,0,2,0,None,0,0,1,0,92
V_001,Bari,HH_V_001_099,SRV_004,2025-01-15,4,3,1,9,2,4,0,2,1,Primary,1,0,5,1,56
V_002,Gopalpur,HH_V_002_000,SRV_001,2025-01-15,1,0,1,15,3,4,0,2,0,None,0,0,1,0,96
V_002,Gopalpur,HH_V_002_001,SRV_004,2025-01-15,1,0,1,13,3,4,0,2,0,None,0,0,2,0,84
V_002,Gopalpur,HH_V_002_002,SRV_006,2025-01-15,1,0,1,13,3,4,0,2,0,None,0,0,2,0,81
V_002,Gopalpur,HH_V_002_003,SRV_004,2025-01-15,4,2,2,16,4,4,0,2,0,None,1,0,1,0,100
V_002,Gopalpur,HH_V_002_004,SRV_009,2025-01-15,4,3,1,12,3,4,0,2,0,None,1,0,3,0,77
V_002,Gopalpur,HH_V_002_005,SRV_003,2025-01-15,0,0,0,11,2,4,0,2,1,Primary,0,0,4,1,67
V_002,Gopalpur,HH_V_002_006,SRV_002,2025-01-15,2,1,1,16,4,4,0,2,0,None,1,0,1,0,100
V_002,Gopalpur,HH_V_002_007,SRV_008,2025-01-15,3,2,1,10,2,4,0,2,1,Primary,1,0,4,1,65
V_002,Gopalpur,HH_V_002_008,SRV_009,2025-01-15,1,0,1,14,3,4,0,2,0,None,0,0,1,0,90
V_002,Gopalpur,HH_V_002_009,SRV_008,2025-01-15,0,0,0,15,3,4,0,2,0,None,0,0,1,0,99
V_002,Gopalpur,HH_V_002_010,SRV_007,2025-01-15,0,0,0,16,4,4,0,2,0,None,0,0,1,0,100
V_002,Gopalpur,HH_V_002_011,SRV_005,2025-01-15,4,0,4,14,3,4,0,2,0,None,0,0,1,0,90
V_002,Gopalpur,HH_V_002_012,SRV_008,2025-01-15,2,1,1,15,3,4,0,2,0,None,1,0,1,0,98
V_002,Gopalpur,HH_V_002_013,SRV_005,2025-01-15,1,0,1,14,3,4,0,2,0,None,0,0,2,0,88
V_002,Gopalpur,HH_V_002_014,SRV_007,2025-01-15,0,0,0,15,3,4,0,2,0,None,0,0,1,0,93
V_002,Gopalpur,HH_V_002_015,SRV_008,2025-01-15,2,0,2,14,3,4,0,2,0,None,0,0,2,0,89
V_002,Gopalpur,HH_V_002_016,SRV_009,2025-01-15,2,1,1,13,3,4,0,2,0,None,1,0,2,0,85
V_002,Gopalpur,HH_V_002_017,SRV_005,2025-01-15,4,1,3,12,3,4,0,2,0,None,1,0,3,0,75
V_002,Gopalpur,HH_V_002_018,SRV_002,2025-01-15,4,3,1,12,3,4,0,2,0,None,1,0,3,0,76
V_002,Gopalpur,HH_V_002_019,SRV_002,2025-01-15,2,1,1,13,3,4,0,2,0,None,1,0,2,0,82
V_002,Gopalpur,HH_V_002_020,SRV_005,2025-01-15,0,0,0,14,3,4,0,2,0,None,0,0,2,0,87
V_002,Gopalpur,HH_V_002_021,SRV_001,2025-01-15,3,2,1,14,3,4,0,2,0,None,1,0,2,0,88
V_002,Gopalpur,HH_V_002_022,SRV_009,2025-01-15,1,0,1,14,3,4,0,2,0,None,0,0,2,0,88
V_002,Gopalpur,HH_V_002_023,SRV_005,2025-01-15,3,1,2,16,4,4,0,2,0,None,1,0,1,0,100
V_002,Gopalpur,HH_V_002_024,SRV_008,2025-01-15,4,2,2,12,3,4,0,2,0,None,1,0,3,0,79
V_002,Gopalpur,HH_V_002_025,SRV_002,2025-01-15,1,0,1,14,3,4,0,2,0,None,0,0,1,0,92
V_002,Gopalpur,HH_V_002_026,SRV_003,2025-01-15,3,2,1,15,3,4,0,2,0,None,1,0,1,0,95
V_002,Gopalpur,HH_V_002_027,SRV_006,2025-01-15,0,0,0,16,4,4,0,2,0,None,0,0,1,0,100
V_002,Gopalpur,HH_V_002_028,SRV_004,2025-01-15,0,0,0,12,3,4,0,2,0,None,0,0,3,0,78
V_002,Gopalpur,HH_V_002_029,SRV_006,2025-01-15,4,2,2,13,3,4,0,2,0,None,1,0,2,0,81
V_002,Gopalpur,HH_V_002_030,SRV_003,2025-01-15,0,0,0,16,4,4,0,2,0,None,0,0,1,0,100
V_002,Gopalpur,HH_V_002_031,SRV_008,2025-01-15,4,1,3,11,2,4,0,2,1,Primary,1,0,3,0,71
V_002,Gopalpur,HH_V_002_032,SRV_002,2025-01-15,3,0,3,12,3,4,0,2,0,None,0,0,3,0,76
V_002,Gopalpur,HH_V_002_033,SRV_003,2025-01-15,3,2,1,13,3,4,0,2,0,None,1,0,2,0,81
V_002,Gopalpur,HH_V_002_034,SRV_005,2025-01-15,4,0,4,15,3,4,0,2,0,None,0,0,1,0,96
V_002,Gopalpur,HH_V_002_035,SRV_004,2025-01-15,3,2,1,16,4,4,0,2,0,None,1,0,1,0,100
V_002,Gopalpur,HH_V_002_036,SRV_008,2025-01-15,3,2,1,14,3,4,0,2,0,None,1,0,2,0,89
V_002,Gopalpur,HH_V_002_037,SRV_009,2025-01-15,1,0,1,13,3,4,0,2,0,None,0,0,2,0,84
V_002,Gopalpur,HH_V_002_038,SRV_001,2025-01-15,4,1,3,14,3,4,0,2,0,None,1,0,2,0,86
V_002,Gopalpur,HH_V_002_039,SRV_001,2025-01-15,4,0,4,16,4,4,0,2,0,None,0,0,1,0,100
V_002,Gopalpur,HH_V_002_040,SRV_007,2025-01-15,1,0,1,10,2,4,0,2,1,Primary,0,0,4,1,64
V_002,Gopalpur,HH_V_002_041,SRV_004,2025-01-15,4,1,3,11,2,4,0,2,1,Primary,1,0,4,1,69
V_002,Gopalpur,HH_V_002_042,SRV_001,2025-01-15,0,0,0,15,3,4,0,2,0,None,0,0,1,0,99
V_002,Gopalpur,HH_V_002_043,SRV_006,2025-01-15,0,0,0,16,4,4,0,2,0,None,0,0,1,0,100
V_002,Gopalpur,HH_V_002_044,SRV_007,2025-01-15,4,2,2,15,3,4,0,2,0,None,1,0,1,0,99
V_002,Gopalpur,HH_V_002_045,SRV_002,2025-01-15,2,0,2,15,3,4,0,2,0,None,0,0,1,0,95
V_002,Gopalpur,HH_V_002_046,SRV_008,2025-01-15,3,2,1,13,3,4,0,2,0,None,1,0,2,0,84
V_002,Gopalpur,HH_V_002_047,SRV_002,2025-01-15,0,0,0,14,3,4,0,2,0,None,0,0,1,0,92
V_002,Gopalpur,HH_V_002_048,SRV_001,2025-01-15,3,2,1,14,3,4,0,2,0,None,1,0,1,0,91
V_002,Gopalpur,HH_V_002_049,SRV_003,2025-01-15,1,0,1,11,2,4,0,2,1,Primary,0,0,3,0,71
V_002,Gopalpur,HH_V_002_050,SRV_005,2025-01-15,1,0,1,13,3,4,0,2,0,None,0,0,2,0,80
V_002,Gopalpur,HH_V_002_051,SRV_003,2025-01-15,1,0,1,14,3,4,0,2,0,None,0,0,1,0,91
V_002,Gopalpur,HH_V_002_052,SRV_004,2025-01-15,4,3,1,15,3,4,0,2,0,None,1,0,1,0,93
V_002,Gopalpur,HH_V_002_053,SRV_005,2025-01-15,4,0,4,13,3,4,0,2,0,None,0,0,2,0,83
V_002,Gopalpur,HH_V_002_054,SRV_003,2025-01-15,4,0,4,14,3,4,0,2,0,None,0,0,2,0,86
V_002,Gopalpur,HH_V_002_055,SRV_004,2025-01-15,2,1,1,16,4,4,0,2,0,None,1,0,1,0,100
V_002,Gopalpur,HH_V_002_056,SRV_009,2025-01-15,1,0,1,16,4,4,0,2,0,None,0,0,1,0,100
V_002,Gopalpur,HH_V_002_057,SRV_004,2025-01-15,3,1,2,14,3,4,0,2,0,None,1,0,2,0,86
V_002,Gopalpur,HH_V_002_058,SRV_001,2025-01-15,4,3,1,13,3,4,0,2,0,None,1,0,2,0,83
V_002,Gopalpur,HH_V_002_059,SRV_005,2025-01-15,0,0,0,15,3,4,0,2,0,None,0,0,1,0,94
V_002,Gopalpur,HH_V_002_060,SRV_009,2025-01-15,1,0,1,12,3,4,0,2,0,None,0,0,3,0,76
V_002,Gopalpur,HH_V_002_061,SRV_007,2025-01-15,3,0,3,16,4,4,0,2,0,None,0,0,1,0,100
V_002,Gopalpur,HH_V_002_062,SRV_004,2025-01-15,4,3,1,16,4,4,0,2,0,None,1,0,1,0,100
V_002,Gopalpur,HH_V_002_063,SRV_008,2025-01-15,0,0,0,15,3,4,0,2,0,None,0,0,1,0,98
V_002,Gopalpur,HH_V_002_064,SRV_005,2025-01-15,4,1,3,13,3,4,0,2,0,None,1,0,2,0,85
V_002,Gopalpur,HH_V_002_065,SRV_002,2025-01-15,3,1,2,15,3,4,0,2,0,None,1,0,1,0,99
V_002,Gopalpur,HH_V_002_066,SRV_006,2025-01-15,4,0,4,14,3,4,0,2,0,None,0,0,2,0,88
V_002,Gopalpur,HH_V_002_067,SRV_008,2025-01-15,1,0,1,13,3,4,0,2,0,None,0,0,2,0,83
V_002,Gopalpur,HH_V_002_068,SRV_008,2025-01-15,1,0,1,14,3,4,0,2,0,None,0,0,2,0,89
V_002,Gopalpur,HH_V_002_069,SRV_003,2025-01-15,4,1,3,16,4,4,0,2,0,None,1,0,1,0,100
V_002,Gopalpur,HH_V_002_070,SRV_008,2025-01-15,0,0,0,12,3,4,0,2,0,None,0,0,3,0,76
V_002,Gopalpur,HH_V_002_071,SRV_005,2025-01-15,1,0,1,13,3,4,0,2,0,None,0,0,2,0,83
V_002,Gopalpur,HH_V_002_072,SRV_004,2025-01-15,4,0,4,16,4,4,0,2,0,None,0,0,1,0,100
V_002,Gopalpur,HH_V_002_073,SRV_004,2025-01-15,1,0,1,16,4,4,0,2,0,None,0,0,1,0,100
V_002,Gopalpur,HH_V_002_074,SRV_005,2025-01-15,3,0,3,13,3,4,0,2,0,None,0,0,2,0,82
V_002,Gopalpur,HH_V_002_075,SRV_001,2025-01-15,3,1,2,14,3,4,0,2,0,None,1,0,2,0,87
V_002,Gopalpur,HH_V_002_076,SRV_005,2025-01-15,1,0,1,13,3,4,0,2,0,None,0,0,2,0,82
V_002,Gopalpur,HH_V_002_077,SRV_006,2025-01-15,0,0,0,13,3,4,0,2,0,None,0,0,2,0,81
V_002,Gopalpur,HH_V_002_078,SRV_007,2025-01-15,3,0,3,12,2,4,0,2,1,Primary,0,0,3,0,74
V_002,Gopalpur,HH_V_002_079,SRV_004,2025-01-15,4,3,1,11,2,4,0,2,1,Primary,1,0,4,1,69
V_002,Gopalpur,HH_V_002_080,SRV_008,2025-01-15,2,0,2,16,4,4,0,2,0,None,0,0,1,0,100
V_002,Gopalpur,HH_V_002_081,SRV_003,2025-01-15,3,2,1,16,4,4,0,2,0,None,1,0,1,0,100
V_002,Gopalpur,HH_V_002_082,SRV_006,2025-01-15,4,2,2,15,3,4,0,2,0,None,1,0,1,0,93
V_002,Gopalpur,HH_V_002_083,SRV_003,2025-01-15,2,0,2,16,4,4,0,2,0,None,0,0,1,0,100
V_002,Gopalpur,HH_V_002_084,SRV_005,2025-01-15,1,0,1,16,4,4,0,2,0,None,0,0,1,0,100
V_002,Gopalpur,HH_V_002_085,SRV_004,2025-01-15,4,2,2,14,3,4,0,2,0,None,1,0,1,0,91
V_002,Gopalpur,HH_V_002_086,SRV_001,2025-01-15,1,0,1,15,3,4,0,2,0,None,0,0,1,0,94
V_002,Gopalpur,HH_V_002_087,SRV_009,2025-01-15,1,0,1,16,4,4,0,2,0,None,0,0,1,0,100
V_002,Gopalpur,HH_V_002_088,SRV_005,2025-01-15,1,0,1,14,3,4,0,2,0,None,0,0,1,0,90
V_002,Gopalpur,HH_V_002_089,SRV_006,2025-01-15,4,1,3,13,3,4,0,2,0,None,1,0,2,0,83
V_002,Gopalpur,HH_V_002_090,SRV_001,2025-01-15,2,1,1,16,4,4,0,2,0,None,1,0,1,0,100
V_002,Gopalpur,HH_V_002_091,SRV_004,2025-01-15,0,0,0,11,2,4,0,2,1,Primary,0,0,3,0,72
V_002,Gopalpur,HH_V_002_092,SRV_008,2025-01-15,1,0,1,14,3,4,0,2,0,None,0,0,1,0,90
V_002,Gopalpur,HH_V_002_093,SRV_002,2025-01-15,2,1,1,14,3,4,0,2,0,None,1,0,1,0,90
V_002,Gopalpur,HH_V_002_094,SRV_005,2025-01-15,2,1,1,16,4,4,0,2,0,None,1,0,1,0,100
V_002,Gopalpur,HH_V_002_095,SRV_003,2025-01-15,2,1,1,13,3,4,0,2,0,None,1,0,2,0,84
V_002,Gopalpur,HH_V_002_096,SRV_003,2025-01-15,4,3,1,13,3,4,0,2,0,None,1,0,2,0,81
V_002,Gopalpur,HH_V_002_097,SRV_009,2025-01-15,2,1,1,10,2,4,0,2,1,Primary,1,0,4,1,64
V_002,Gopalpur,HH_V_002_098,SRV_008,2025-01-15,0,0,0,13,3,4,0,2,0,None,0,0,2,0,82
V_002,Gopalpur,HH_V_002_099,SRV_008,2025-01-15,0,0,0,15,3,4,0,2,0,None,0,0,1,0,99
V_003,Kheda,HH_V_003_000,SRV_009,2025-01-15,3,2,1,6,1,4,1,2,2,Secondary,1,0,7,1,36
V_003,Kheda,HH_V_003_001,SRV_003,2025-01-15,1,0,1,6,1,4,1,2,2,Secondary,0,0,7,1,35
V_003,Kheda,HH_V_003_002,SRV_004,2025-01-15,3,2,1,6,1,4,1,2,2,Secondary,1,0,7,1,38
V_003,Kheda,HH_V_003_003,SRV_002,2025-01-15,4,3,1,6,1,4,1,2,2,Secondary,1,0,7,1,35
V_003,Kheda,HH_V_003_004,SRV_003,2025-01-15,1,0,1,9,2,4,0,2,1,Primary,0,0,5,1,53
V_003,Kheda,HH_V_003_005,SRV_005,2025-01-15,4,3,1,5,1,4,1,2,2,Secondary,1,1,8,1,29
V_003,Kheda,HH_V_003_006,SRV_008,2025-01-15,2,1,1,4,0,4,1,2,3,Higher Secondary,1,1,8,1,24
V_003,Kheda,HH_V_003_007,SRV_001,2025-01-15,4,3,1,5,1,4,1,2,2,Secondary,1,1,8,1,27
V_003,Kheda,HH_V_003_008,SRV_005,2025-01-15,1,0,1,6,1,4,1,2,2,Secondary,0,0,7,1,35
V_003,Kheda,HH_V_003_009,SRV_008,2025-01-15,0,0,0,8,1,4,1,2,2,Secondary,0,0,6,1,48
V_003,Kheda,HH_V_003_010,SRV_009,2025-01-15,1,0,1,5,1,4,1,2,2,Secondary,0,0,7,1,33
V_003,Kheda,HH_V_003_011,SRV_002,2025-01-15,3,2,1,5,1,4,1,2,2,Secondary,1,0,7,1,32
V_003,Kheda,HH_V_003_012,SRV_009,2025-01-15,3,2,1,7,1,4,1,2,2,Secondary,1,0,6,1,42
V_003,Kheda,HH_V_003_013,SRV_006,2025-01-15,4,3,1,3,0,4,1,2,3,Higher Secondary,1,1,9,1,14
V_003,Kheda,HH_V_003_014,SRV_008,2025-01-15,3,2,1,4,0,4,1,2,3,Higher Secondary,1,1,8,1,22
V_003,Kheda,HH_V_003_015,SRV_004,2025-01-15,0,0,0,3,0,4,1,2,3,Higher Secondary,0,1,9,1,16
V_003,Kheda,HH_V_003_016,SRV_006,2025-01-15,1,0,1,1,0,4,1,2,3,Higher Secondary,0,1,10,1,6
V_003,Kheda,HH_V_003_017,SRV_003,2025-01-15,3,2,1,5,1,4,1,2,2,Secondary,1,0,7,1,33
V_003,Kheda,HH_V_003_018,SRV_008,2025-01-15,3,2,1,3,0,4,1,2,3,Higher Secondary,1,1,9,1,13
V_003,Kheda,HH_V_003_019,SRV_003,2025-01-15,0,0,0,2,0,4,1,2,3,Higher Secondary,0,1,10,1,8
V_003,Kheda,HH_V_003_020,SRV_006,2025-01-15,3,2,1,2,0,4,1,2,3,Higher Secondary,1,1,9,1,10
V_003,Kheda,HH_V_003_021,SRV_002,2025-01-15,0,0,0,8,1,4,1,2,2,Secondary,0,0,6,1,48
V_003,Kheda,HH_V_003_022,SRV_002,2025-01-15,3,2,1,1,0,4,1,2,3,Higher Secondary,1,1,10,1,5
V_003,Kheda,HH_V_003_023,SRV_008,2025-01-15,4,3,1,5,1,4,1,2,2,Secondary,1,0,7,1,32
V_003,Kheda,HH_V_003_024,SRV_008,2025-01-15,2,1,1,1,0,4,1,2,3,Higher Secondary,1,1,10,1,4
V_003,Kheda,HH_V_003_025,SRV_003,2025-01-15,1,0,1,2,0,4,1,2,3,Higher Secondary,0,1,10,1,8
V_003,Kheda,HH_V_003_026,SRV_001,2025-01-15,1,0,1,2,0,4,1,2,3,Higher Secondary,0,1,9,1,11
V_003,Kheda,HH_V_003_027,SRV_005,2025-01-15,2,1,1,3,0,4,1,2,3,Higher Secondary,1,1,9,1,15
V_003,Kheda,HH_V_003_028,SRV_009,2025-01-15,3,2,1,2,0,4,1,2,3,Higher Secondary,1,1,9,1,13
V_003,Kheda,HH_V_003_029,SRV_002,2025-01-15,0,0,0,4,0,4,1,2,3,Higher Secondary,0,1,8,1,21
V_003,Kheda,HH_V_003_030,SRV_006,2025-01-15,4,3,1,1,0,4,1,2,3,Higher Secondary,1,1,10,1,5
V_003,Kheda,HH_V_003_031,SRV_005,2025-01-15,0,0,0,5,1,4,1,2,2,Secondary,0,1,8,1,27
V_003,Kheda,HH_V_003_032,SRV_008,2025-01-15,0,0,0,6,1,4,1,2,2,Secondary,0,0,7,1,34
V_003,Kheda,HH_V_003_033,SRV_007,2025-01-15,1,1,0,1,0,4,2,2,4,Graduate,1,1,11,1,0
V_003,Kheda,HH_V_003_034,SRV_006,2025-01-15,0,0,0,5,1,4,1,2,2,Secondary,0,1,8,1,29
V_003,Kheda,HH_V_003_035,SRV_009,2025-01-15,0,0,0,6,1,4,1,2,2,Secondary,0,0,7,1,36
V_003,Kheda,HH_V_003_036,SRV_005,2025-01-15,1,0,1,10,2,4,0,2,1,Primary,0,0,4,1,62
V_003,Kheda,HH_V_003_037,SRV_007,2025-01-15,4,2,2,7,1,4,1,2,2,Secondary,1,0,6,1,46
V_003,Kheda,HH_V_003_038,SRV_004,2025-01-15,0,0,0,6,1,4,1,2,2,Secondary,0,0,7,1,38
V_003,Kheda,HH_V_003_039,SRV_003,2025-01-15,4,2,2,8,1,4,1,2,2,Secondary,1,0,6,1,47
V_003,Kheda,HH_V_003_040,SRV_002,2025-01-15,4,3,1,6,1,4,1,2,2,Secondary,1,0,7,1,34
V_003,Kheda,HH_V_003_041,SRV_003,2025-01-15,4,2,2,6,1,4,1,2,2,Secondary,1,0,7,1,39
V_003,Kheda,HH_V_003_042,SRV_008,2025-01-15,3,2,1,4,0,4,1,2,3,Higher Secondary,1,1,8,1,23
V_003,Kheda,HH_V_003_043,SRV_008,2025-01-15,4,2,2,9,2,4,0,2,1,Primary,1,0,5,1,55
V_003,Kheda,HH_V_003_044,SRV_008,2025-01-15,4,3,1,5,1,4,1,2,2,Secondary,1,0,7,1,32
V_003,Kheda,HH_V_003_045,SRV_004,2025-01-15,1,0,1,5,1,4,1,2,2,Secondary,0,1,8,1,29
V_003,Kheda,HH_V_003_046,SRV_008,2025-01-15,1,0,1,4,0,4,1,2,3,Higher Secondary,0,1,8,1,20
V_003,Kheda,HH_V_003_047,SRV_004,2025-01-15,1,0,1,4,1,4,1,2,2,Secondary,0,1,8,1,26
V_003,Kheda,HH_V_003_048,SRV_003,2025-01-15,4,3,1,6,1,4,1,2,2,Secondary,1,0,7,1,39
V_003,Kheda,HH_V_003_049,SRV_009,2025-01-15,0,0,0,5,1,4,1,2,2,Secondary,0,1,8,1,29
V_003,Kheda,HH_V_003_050,SRV_008,2025-01-15,3,2,1,6,1,4,1,2,2,Secondary,1,0,7,1,35
V_003,Kheda,HH_V_003_051,SRV_004,2025-01-15,0,0,0,6,1,4,1,2,2,Secondary,0,0,7,1,39
V_003,Kheda,HH_V_003_052,SRV_003,2025-01-15,0,0,0,9,2,4,0,2,1,Primary,0,0,5,1,57
V_003,Kheda,HH_V_003_053,SRV_004,2025-01-15,2,1,1,1,0,4,1,2,3,Higher Secondary,1,1,10,1,4
V_003,Kheda,HH_V_003_054,SRV_004,2025-01-15,1,0,1,4,1,4,1,2,2,Secondary,0,1,8,1,26
V_003,Kheda,HH_V_003_055,SRV_005,2025-01-15,2,1,1,2,0,4,1,2,3,Higher Secondary,1,1,9,1,10
V_003,Kheda,HH_V_003_056,SRV_004,2025-01-15,0,0,0,3,0,4,1,2,3,Higher Secondary,0,1,9,1,18
V_003,Kheda,HH_V_003_057,SRV_004,2025-01-15,0,0,0,3,0,4,1,2,3,Higher Secondary,0,1,9,1,13
V_003,Kheda,HH_V_003_058,SRV_008,2025-01-15,4,3,1,2,0,4,1,2,3,Higher Secondary,1,1,10,1,9
V_003,Kheda,HH_V_003_059,SRV_002,2025-01-15,2,1,1,7,1,4,1,2,2,Secondary,1,0,6,1,46
V_003,Kheda,HH_V_003_060,SRV_009,2025-01-15,4,3,1,5,1,4,1,2,2,Secondary,1,0,7,1,30
V_003,Kheda,HH_V_003_061,SRV_004,2025-01-15,3,2,1,9,2,4,0,2,1,Primary,1,0,5,1,56
V_003,Kheda,HH_V_003_062,SRV_009,2025-01-15,2,1,1,5,1,4,1,2,2,Secondary,1,0,7,1,30
V_003,Kheda,HH_V_003_063,SRV_006,2025-01-15,4,3,1,5,1,4,1,2,2,Secondary,1,1,8,1,26
V_003,Kheda,HH_V_003_064,SRV_003,2025-01-15,2,1,1,6,1,4,1,2,2,Secondary,1,0,7,1,39
V_003,Kheda,HH_V_003_065,SRV_001,2025-01-15,1,0,1,6,1,4,1,2,2,Secondary,0,0,7,1,35
V_003,Kheda,HH_V_003_066,SRV_003,2025-01-15,3,2,1,7,1,4,1,2,2,Secondary,1,0,6,1,41
V_003,Kheda,HH_V_003_067,SRV_005,2025-01-15,4,3,1,4,0,4,1,2,3,Higher Secondary,1,1,8,1,22
V_003,Kheda,HH_V_003_068,SRV_009,2025-01-15,2,1,1,2,0,4,1,2,3,Higher Secondary,1,1,9,1,11
V_003,Kheda,HH_V_003_069,SRV_002,2025-01-15,4,3,1,8,1,4,1,2,2,Secondary,1,0,6,1,49
V_003,Kheda,HH_V_003_070,SRV_007,2025-01-15,4,3,1,4,0,4,1,2,3,Higher Secondary,1,1,8,1,23
V_003,Kheda,HH_V_003_071,SRV_008,2025-01-15,4,3,1,5,1,4,1,2,2,Secondary,1,1,8,1,26
V_003,Kheda,HH_V_003_072,SRV_003,2025-01-15,4,3,1,4,0,4,1,2,3,Higher Secondary,1,1,8,1,20
V_003,Kheda,HH_V_003_073,SRV_006,2025-01-15,3,2,1,6,1,4,1,2,2,Secondary,1,0,7,1,39
V_003,Kheda,HH_V_003_074,SRV_005,2025-01-15,4,3,1,1,0,4,1,2,3,Higher Secondary,1,1,10,1,5
V_003,Kheda,HH_V_003_075,SRV_003,2025-01-15,4,3,1,2,0,4,1,2,3,Higher Secondary,1,1,10,1,8
V_003,Kheda,HH_V_003_076,SRV_006,2025-01-15,0,0,0,2,0,4,1,2,3,Higher Secondary,0,1,9,1,11
V_003,Kheda,HH_V_003_077,SRV_007,2025-01-15,4,3,1,6,1,4,1,2,2,Secondary,1,0,7,1,39
V_003,Kheda,HH_V_003_078,SRV_006,2025-01-15,2,1,1,6,1,4,1,2,2,Secondary,1,0,7,1,36
V_003,Kheda,HH_V_003_079,SRV_001,2025-01-15,1,0,1,5,1,4,1,2,2,Secondary,0,1,8,1,27
V_003,Kheda,HH_V_003_080,SRV_003,2025-01-15,1,0,1,7,1,4,1,2,2,Secondary,0,0,6,1,41
V_003,Kheda,HH_V_003_081,SRV_002,2025-01-15,0,0,0,10,2,4,0,2,1,Primary,0,0,4,1,62
V_003,Kheda,HH_V_003_082,SRV_008,2025-01-15,1,0,1,7,1,4,1,2,2,Secondary,0,0,6,1,41
V_003,Kheda,HH_V_003_083,SRV_008,2025-01-15,3,2,1,2,0,4,1,2,3,Higher Secondary,1,1,9,1,10
V_003,Kheda,HH_V_003_084,SRV_009,2025-01-15,1,0,1,9,2,4,0,2,1,Primary,0,0,5,1,56
V_003,Kheda,HH_V_003_085,SRV_003,2025-01-15,4,3,1,5,1,4,1,2,2,Secondary,1,1,8,1,27
V_003,Kheda,HH_V_003_086,SRV_003,2025-01-15,4,3,1,3,0,4,1,2,3,Higher Secondary,1,1,9,1,18
V_003,Kheda,HH_V_003_087,SRV_005,2025-01-15,2,1,1,4,0,4,1,2,3,Higher Secondary,1,1,8,1,20
V_003,Kheda,HH_V_003_088,SRV_005,2025-01-15,3,2,1,8,1,4,1,2,2,Secondary,1,0,6,1,49
V_003,Kheda,HH_V_003_089,SRV_005,2025-01-15,0,0,0,6,1,4,1,2,2,Secondary,0,0,7,1,39
V_003,Kheda,HH_V_003_090,SRV_008,2025-01-15,2,1,1,4,0,4,1,2,3,Higher Secondary,1,1,8,1,24
V_003,Kheda,HH_V_003_091,SRV_008,2025-01-15,1,0,1,6,1,4,1,2,2,Secondary,0,0,7,1,39
V_003,Kheda,HH_V_003_092,SRV_004,2025-01-15,2,1,1,6,1,4,1,2,2,Secondary,1,0,7,1,35
V_003,Kheda,HH_V_003_093,SRV_003,2025-01-15,4,3,1,5,1,4,1,2,2,Secondary,1,1,8,1,28
V_003,Kheda,HH_V_003_094,SRV_009,2025-01-15,2,1,1,8,1,4,1,2,2,Secondary,1,0,6,1,46
V_003,Kheda,HH_V_003_095,SRV_005,2025-01-15,1,0,1,6,1,4,1,2,2,Secondary,0,0,7,1,36
V_003,Kheda,HH_V_003_096,SRV_008,2025-01-15,0,0,0,3,0,4,1,2,3,Higher Secondary,0,1,9,1,14
V_003,Kheda,HH_V_003_097,SRV_001,2025-01-15,2,1,1,4,0,4,1,2,3,Higher Secondary,1,1,8,1,21
V_003,Kheda,HH_V_003_098,SRV_006,2025-01-15,4,2,2,7,1,4,1,2,2,Secondary,1,0,6,1,42
V_003,Kheda,HH_V_003_099,SRV_009,2025-01-15,1,0,1,8,2,4,0,2,1,Primary,0,0,5,1,52
V_004,Nandur,HH_V_004_000,SRV_009,2025-01-15,3,2,1,6,1,4,1,2,2,Secondary,1,0,7,1,36
V_004,Nandur,HH_V_004_001,SRV_006,2025-01-15,3,2,1,5,1,4,1,2,2,Secondary,1,0,7,1,30
V_004,Nandur,HH_V_004_002,SRV_004,2025-01-15,2,1,1,10,2,4,0,2,1,Primary,1,0,4,1,62
V_004,Nandur,HH_V_004_003,SRV_007,2025-01-15,2,1,1,4,1,4,1,2,2,Secondary,1,1,8,1,25
V_004,Nandur,HH_V_004_004,SRV_002,2025-01-15,1,0,1,12,2,4,0,2,1,Primary,0,0,3,0,74
V_004,Nandur,HH_V_004_005,SRV_008,2025-01-15,1,0,1,6,1,4,1,2,2,Secondary,0,0,7,1,37
V_004,Nandur,HH_V_004_006,SRV_009,2025-01-15,2,0,2,9,2,4,0,2,1,Primary,0,0,5,1,54
V_004,Nandur,HH_V_004_007,SRV_003,2025-01-15,4,4,0,1,0,4,2,2,4,Graduate,1,1,11,1,0
V_004,Nandur,HH_V_004_008,SRV_002,2025-01-15,3,2,1,7,1,4,1,2,2,Secondary,1,0,6,1,41
V_004,Nandur,HH_V_004_009,SRV_008,2025-01-15,0,0,0,7,1,4,1,2,2,Secondary,0,0,6,1,43
V_004,Nandur,HH_V_004_010,SRV_006,2025-01-15,0,0,0,6,1,4,1,2,2,Secondary,0,0,7,1,39
V_004,Nandur,HH_V_004_011,SRV_009,2025-01-15,2,0,2,11,2,4,0,2,1,Primary,0,0,4,1,68
V_004,Nandur,HH_V_004_012,SRV_002,2025-01-15,3,2,1,7,1,4,1,2,2,Secondary,1,0,6,1,40
V_004,Nandur,HH_V_004_013,SRV_006,2025-01-15,1,0,1,5,1,4,1,2,2,Secondary,0,1,8,1,29
V_004,Nandur,HH_V_004_014,SRV_001,2025-01-15,2,1,1,6,1,4,1,2,2,Secondary,1,0,7,1,39
V_004,Nandur,HH_V_004_015,SRV_003,2025-01-15,4,3,1,5,1,4,1,2,2,Secondary,1,0,7,1,32
V_004,Nandur,HH_V_004_016,SRV_009,2025-01-15,2,1,1,3,0,4,1,2,3,Higher Secondary,1,1,9,1,18
V_004,Nandur,HH_V_004_017,SRV_009,2025-01-15,2,1,1,6,1,4,1,2,2,Secondary,1,0,7,1,36
V_004,Nandur,HH_V_004_018,SRV_004,2025-01-15,4,2,2,6,1,4,1,2,2,Secondary,1,0,7,1,38
V_004,Nandur,HH_V_004_019,SRV_008,2025-01-15,2,1,1,4,0,4,1,2,3,Higher Secondary,1,1,8,1,23
V_004,Nandur,HH_V_004_020,SRV_003,2025-01-15,1,0,1,1,0,4,1,2,3,Higher Secondary,0,1,10,1,6
V_004,Nandur,HH_V_004_021,SRV_006,2025-01-15,0,0,0,6,1,4,1,2,2,Secondary,0,0,7,1,34
V_004,Nandur,HH_V_004_022,SRV_005,2025-01-15,2,1,1,9,2,4,0,2,1,Primary,1,0,5,1,57
V_004,Nandur,HH_V_004_023,SRV_007,2025-01-15,0,0,0,5,1,4,1,2,2,Secondary,0,1,8,1,28
V_004,Nandur,HH_V_004_024,SRV_009,2025-01-15,0,0,0,7,1,4,1,2,2,Secondary,0,0,6,1,42
V_004,Nandur,HH_V_004_025,SRV_008,2025-01-15,4,3,1,5,1,4,1,2,2,Secondary,1,0,7,1,32
V_004,Nandur,HH_V_004_026,SRV_003,2025-01-15,3,2,1,6,1,4,1,2,2,Secondary,1,0,7,1,38
V_004,Nandur,HH_V_004_027,SRV_007,2025-01-15,2,1,1,3,0,4,1,2,3,Higher Secondary,1,1,9,1,19
V_004,Nandur,HH_V_004_028,SRV_003,2025-01-15,0,0,0,7,1,4,1,2,2,Secondary,0,0,6,1,46
V_004,Nandur,HH_V_004_029,SRV_001,2025-01-15,4,2,2,5,1,4,1,2,2,Secondary,1,0,7,1,33
V_004,Nandur,HH_V_004_030,SRV_003,2025-01-15,3,2,1,12,2,4,0,2,1,Primary,1,0,3,0,73
V_004,Nandur,HH_V_004_031,SRV_003,2025-01-15,2,1,1,7,1,4,1,2,2,Secondary,1,0,6,1,40
V_004,Nandur,HH_V_004_032,SRV_005,2025-01-15,0,0,0,5,1,4,1,2,2,Secondary,0,1,8,1,29
V_004,Nandur,HH_V_004_033,SRV_005,2025-01-15,4,3,1,5,1,4,1,2,2,Secondary,1,1,8,1,26
V_004,Nandur,HH_V_004_034,SRV_007,2025-01-15,4,3,1,1,0,4,1,2,3,Higher Secondary,1,1,10,1,6
V_004,Nandur,HH_V_004_035,SRV_009,2025-01-15,2,1,1,8,1,4,1,2,2,Secondary,1,0,6,1,48
V_004,Nandur,HH_V_004_036,SRV_004,2025-01-15,2,1,1,6,1,4,1,2,2,Secondary,1,0,7,1,37
V_004,Nandur,HH_V_004_037,SRV_001,2025-01-15,0,0,0,6,1,4,1,2,2,Secondary,0,0,7,1,39
V_004,Nandur,HH_V_004_038,SRV_008,2025-01-15,2,1,1,11,2,4,0,2,1,Primary,1,0,4,1,69
V_004,Nandur,HH_V_004_039,SRV_007,2025-01-15,2,1,1,4,1,4,1,2,2,Secondary,1,1,8,1,26
V_004,Nandur,HH_V_004_040,SRV_006,2025-01-15,1,0,1,7,1,4,1,2,2,Secondary,0,0,6,1,44
V_004,Nandur,HH_V_004_041,SRV_006,2025-01-15,0,0,0,5,1,4,1,2,2,Secondary,0,1,8,1,27
V_004,Nandur,HH_V_004_042,SRV_008,2025-01-15,1,0,1,6,1,4,1,2,2,Secondary,0,0,7,1,39
V_004,Nandur,HH_V_004_043,SRV_008,2025-01-15,3,2,1,7,1,4,1,2,2,Secondary,1,0,6,1,40
V_004,Nandur,HH_V_004_044,SRV_004,2025-01-15,1,0,1,12,3,4,0,2,0,None,0,0,3,0,79
V_004,Nandur,HH_V_004_045,SRV_005,2025-01-15,1,0,1,8,1,4,1,2,2,Secondary,0,0,6,1,49
V_004,Nandur,HH_V_004_046,SRV_001,2025-01-15,2,1,1,4,0,4,1,2,3,Higher Secondary,1,1,8,1,24
V_004,Nandur,HH_V_004_047,SRV_002,2025-01-15,0,0,0,4,1,4,1,2,2,Secondary,0,1,8,1,26
V_004,Nandur,HH_V_004_048,SRV_004,2025-01-15,4,3,1,5,1,4,1,2,2,Secondary,1,0,7,1,30
V_004,Nandur,HH_V_004_049,SRV_007,2025-01-15,1,0,1,6,1,4,1,2,2,Secondary,0,0,7,1,37
V_004,Nandur,HH_V_004_050,SRV_009,2025-01-15,1,0,1,5,1,4,1,2,2,Secondary,0,0,7,1,32
V_004,Nandur,HH_V_004_051,SRV_002,2025-01-15,4,3,1,9,2,4,0,2,1,Primary,1,0,5,1,57
V_004,Nandur,HH_V_004_052,SRV_006,2025-01-15,0,0,0,5,1,4,1,2,2,Secondary,0,1,8,1,26
V_004,Nandur,HH_V_004_053,SRV_004,2025-01-15,4,3,1,7,1,4,1,2,2,Secondary,1,0,6,1,42
V_004,Nandur,HH_V_004_054,SRV_007,2025-01-15,2,1,1,7,1,4,1,2,2,Secondary,1,0,6,1,40
V_004,Nandur,HH_V_004_055,SRV_005,2025-01-15,3,2,1,9,2,4,0,2,1,Primary,1,0,5,1,55
V_004,Nandur,HH_V_004_056,SRV_005,2025-01-15,1,0,1,7,1,4,1,2,2,Secondary,0,0,6,1,43
V_004,Nandur,HH_V_004_057,SRV_008,2025-01-15,2,1,1,4,0,4,1,2,3,Higher Secondary,1,1,8,1,21
V_004,Nandur,HH_V_004_058,SRV_001,2025-01-15,3,2,1,6,1,4,1,2,2,Secondary,1,0,7,1,38
V_004,Nandur,HH_V_004_059,SRV_007,2025-01-15,0,0,0,8,2,4,0,2,1,Primary,0,0,5,1,50
V_004,Nandur,HH_V_004_060,SRV_001,2025-01-15,4,3,1,4,0,4,1,2,3,Higher Secondary,1,1,8,1,22
V_004,Nandur,HH_V_004_061,SRV_008,2025-01-15,4,2,2,11,2,4,0,2,1,Primary,1,0,3,0,71
V_004,Nandur,HH_V_004_062,SRV_008,2025-01-15,1,0,1,2,0,4,1,2,3,Higher Secondary,0,1,9,1,12
V_004,Nandur,HH_V_004_063,SRV_002,2025-01-15,3,2,1,8,2,4,0,2,1,Primary,1,0,5,1,51
V_004,Nandur,HH_V_004_064,SRV_002,2025-01-15,3,2,1,6,1,4,1,2,2,Secondary,1,0,7,1,39
V_004,Nandur,HH_V_004_065,SRV_002,2025-01-15,3,2,1,4,0,4,1,2,3,Higher Secondary,1,1,8,1,23
V_004,Nandur,HH_V_004_066,SRV_007,2025-01-15,1,0,1,8,2,4,0,2,1,Primary,0,0,5,1,51
V_004,Nandur,HH_V_004_067,SRV_008,2025-01-15,3,2,1,8,1,4,1,2,2,Secondary,1,0,6,1,48
V_004,Nandur,HH_V_004_068,SRV_003,2025-01-15,4,3,1,6,1,4,1,2,2,Secondary,1,0,7,1,36
V_004,Nandur,HH_V_004_069,SRV_008,2025-01-15,3,2,1,11,2,4,0,2,1,Primary,1,0,4,1,67
V_004,Nandur,HH_V_004_070,SRV_003,2025-01-15,1,0,1,4,1,4,1,2,2,Secondary,0,1,8,1,25
V_004,Nandur,HH_V_004_071,SRV_009,2025-01-15,0,0,0,4,0,4,1,2,3,Higher Secondary,0,1,8,1,23
V_004,Nandur,HH_V_004_072,SRV_002,2025-01-15,4,3,1,8,1,4,1,2,2,Secondary,1,0,6,1,48
V_004,Nandur,HH_V_004_073,SRV_009,2025-01-15,0,0,0,6,1,4,1,2,2,Secondary,0,0,7,1,39
V_004,Nandur,HH_V_004_074,SRV_009,2025-01-15,1,0,1,7,1,4,1,2,2,Secondary,0,0,6,1,42
V_004,Nandur,HH_V_004_075,SRV_009,2025-01-15,0,0,0,6,1,4,1,2,2,Secondary,0,0,7,1,36
V_004,Nandur,HH_V_004_076,SRV_002,2025-01-15,2,1,1,5,1,4,1,2,2,Secondary,1,1,8,1,28
V_004,Nandur,HH_V_004_077,SRV_007,2025-01-15,2,1,1,8,2,4,0,2,1,Primary,1,0,5,1,52
V_004,Nandur,HH_V_004_078,SRV_006,2025-01-15,3,2,1,3,0,4,1,2,3,Higher Secondary,1,1,9,1,18
V_004,Nandur,HH_V_004_079,SRV_001,2025-01-15,2,1,1,9,2,4,0,2,1,Primary,1,0,5,1,59
V_004,Nandur,HH_V_004_080,SRV_001,2025-01-15,1,0,1,4,0,4,1,2,3,Higher Secondary,0,1,8,1,24
V_004,Nandur,HH_V_004_081,SRV_001,2025-01-15,4,2,2,8,2,4,0,2,1,Primary,1,0,5,1,50
V_004,Nandur,HH_V_004_082,SRV_009,2025-01-15,2,1,1,4,0,4,1,2,3,Higher Secondary,1,1,8,1,22
V_004,Nandur,HH_V_004_083,SRV_004,2025-01-15,1,0,1,4,1,4,1,2,2,Secondary,0,1,8,1,26
V_004,Nandur,HH_V_004_084,SRV_009,2025-01-15,2,1,1,11,2,4,0,2,1,Primary,1,0,3,0,70
V_004,Nandur,HH_V_004_085,SRV_006,2025-01-15,0,0,0,8,1,4,1,2,2,Secondary,0,0,6,1,47
V_004,Nandur,HH_V_004_086,SRV_009,2025-01-15,3,1,2,8,1,4,1,2,2,Secondary,1,0,6,1,48
V_004,Nandur,HH_V_004_087,SRV_003,2025-01-15,3,2,1,5,1,4,1,2,2,Secondary,1,1,8,1,26
V_004,Nandur,HH_V_004_088,SRV_008,2025-01-15,2,1,1,8,1,4,1,2,2,Secondary,1,0,6,1,48
V_004,Nandur,HH_V_004_089,SRV_001,2025-01-15,0,0,0,4,0,4,1,2,3,Higher Secondary,0,1,8,1,20
V_004,Nandur,HH_V_004_090,SRV_006,2025-01-15,4,2,2,6,1,4,1,2,2,Secondary,1,0,7,1,34
V_004,Nandur,HH_V_004_091,SRV_008,2025-01-15,1,0,1,7,1,4,1,2,2,Secondary,0,0,6,1,46
V_004,Nandur,HH_V_004_092,SRV_008,2025-01-15,2,0,2,12,3,4,0,2,0,None,0,0,3,0,79
V_004,Nandur,HH_V_004_093,SRV_002,2025-01-15,2,1,1,4,0,4,1,2,3,Higher Secondary,1,1,8,1,23
V_004,Nandur,HH_V_004_094,SRV_004,2025-01-15,1,0,1,5,1,4,1,2,2,Secondary,0,1,8,1,28
V_004,Nandur,HH_V_004_095,SRV_008,2025-01-15,2,1,1,5,1,4,1,2,2,Secondary,1,1,8,1,29
V_004,Nandur,HH_V_004_096,SRV_006,2025-01-15,1,0,1,3,0,4,1,2,3,Higher Secondary,0,1,9,1,13
V_004,Nandur,HH_V_004_097,SRV_003,2025-01-15,0,0,0,5,1,4,1,2,2,Secondary,0,0,7,1,32
V_004,Nandur,HH_V_004_098,SRV_002,2025-01-15,1,0,1,7,1,4,1,2,2,Secondary,0,0,6,1,45
V_004,Nandur,HH_V_004_099,SRV_009,2025-01-15,0,0,0,5,1,4,1,2,2,Secondary,0,1,8,1,28
V_005,Dantewada,HH_V_005_000,SRV_004,2025-01-15,3,0,3,16,4,4,0,2,0,None,0,0,1,0,100
V_005,Dantewada,HH_V_005_001,SRV_006,2025-01-15,3,1,2,14,3,4,0,2,0,None,1,0,2,0,87
V_005,Dantewada,HH_V_005_002,SRV_002,2025-01-15,0,0,0,16,4,4,0,2,0,None,0,0,1,0,100
V_005,Dantewada,HH_V_005_003,SRV_004,2025-01-15,1,0,1,14,3,4,0,2,0,None,0,0,1,0,92
V_005,Dantewada,HH_V_005_004,SRV_001,2025-01-15,2,0,2,16,4,4,0,2,0,None,0,0,1,0,100
V_005,Dantewada,HH_V_005_005,SRV_003,2025-01-15,0,0,0,14,3,4,0,2,0,None,0,0,1,0,91
V_005,Dantewada,HH_V_005_006,SRV_008,2025-01-15,1,0,1,15,3,4,0,2,0,None,0,0,1,0,94
V_005,Dantewada,HH_V_005_007,SRV_008,2025-01-15,1,0,1,12,2,4,0,2,1,Primary,0,0,3,0,73
V_005,Dantewada,HH_V_005_008,SRV_004,2025-01-15,3,2,1,13,3,4,0,2,0,None,1,0,2,0,82
V_005,Dantewada,HH_V_005_009,SRV_007,2025-01-15,1,0,1,16,4,4,0,2,0,None,0,0,1,0,100
V_005,Dantewada,HH_V_005_010,SRV_008,2025-01-15,4,1,3,16,4,4,0,2,0,None,1,0,1,0,100
V_005,Dantewada,HH_V_005_011,SRV_005,2025-01-15,1,0,1,16,4,4,0,2,0,None,0,0,1,0,100
V_005,Dantewada,HH_V_005_012,SRV_005,2025-01-15,4,3,1,16,4,4,0,2,0,None,1,0,1,0,100
V_005,Dantewada,HH_V_005_013,SRV_005,2025-01-15,1,0,1,13,3,4,0,2,0,None,0,0,2,0,83
V_005,Dantewada,HH_V_005_014,SRV_001,2025-01-15,1,0,1,16,4,4,0,2,0,None,0,0,1,0,100
V_005,Dantewada,HH_V_005_015,SRV_001,2025-01-15,2,0,2,14,3,4,0,2,0,None,0,0,1,0,90
V_005,Dantewada,HH_V_005_016,SRV_003,2025-01-15,2,0,2,14,3,4,0,2,0,None,0,0,2,0,89
V_005,Dantewada,HH_V_005_017,SRV_009,2025-01-15,1,0,1,14,3,4,0,2,0,None,0,0,1,0,92
V_005,Dantewada,HH_V_005_018,SRV_006,2025-01-15,3,2,1,14,3,4,0,2,0,None,1,0,2,0,88
V_005,Dantewada,HH_V_005_019,SRV_002,2025-01-15,2,0,2,16,4,4,0,2,0,None,0,0,1,0,100
V_005,Dantewada,HH_V_005_020,SRV_006,2025-01-15,1,0,1,12,3,4,0,2,0,None,0,0,3,0,78
V_005,Dantewada,HH_V_005_021,SRV_008,2025-01-15,4,3,1,12,3,4,0,2,0,None,1,0,3,0,77
V_005,Dantewada,HH_V_005_022,SRV_007,2025-01-15,2,1,1,13,3,4,0,2,0,None,1,0,2,0,84
V_005,Dantewada,HH_V_005_023,SRV_008,2025-01-15,4,1,3,11,2,4,0,2,1,Primary,1,0,3,0,72
V_005,Dantewada,HH_V_005_024,SRV_008,2025-01-15,4,2,2,12,3,4,0,2,0,None,1,0,3,0,79
V_005,Dantewada,HH_V_005_025,SRV_008,2025-01-15,0,0,0,14,3,4,0,2,0,None,0,0,1,0,91
V_005,Dantewada,HH_V_005_026,SRV_004,2025-01-15,0,0,0,16,4,4,0,2,0,None,0,0,1,0,100
V_005,Dantewada,HH_V_005_027,SRV_007,2025-01-15,0,0,0,15,3,4,0,2,0,None,0,0,1,0,99
V_005,Dantewada,HH_V_005_028,SRV_005,2025-01-15,0,0,0,15,3,4,0,2,0,None,0,0,1,0,97
V_005,Dantewada,HH_V_005_029,SRV_008,2025-01-15,3,2,1,16,4,4,0,2,0,None,1,0,1,0,100
V_005,Dantewada,HH_V_005_030,SRV_004,2025-01-15,0,0,0,16,4,4,0,2,0,None,0,0,1,0,100
V_005,Dantewada,HH_V_005_031,SRV_009,2025-01-15,1,0,1,13,3,4,0,2,0,None,0,0,2,0,82
V_005,Dantewada,HH_V_005_032,SRV_006,2025-01-15,0,0,0,16,4,4,0,2,0,None,0,0,1,0,100
V_005,Dantewada,HH_V_005_033,SRV_006,2025-01-15,2,0,2,14,3,4,0,2,0,None,0,0,2,0,89
V_005,Dantewada,HH_V_005_034,SRV_006,2025-01-15,0,0,0,12,3,4,0,2,0,None,0,0,3,0,79
V_005,Dantewada,HH_V_005_035,SRV_006,2025-01-15,3,2,1,16,4,4,0,2,0,None,1,0,1,0,100
V_005,Dantewada,HH_V_005_036,SRV_009,2025-01-15,1,0,1,16,4,4,0,2,0,None,0,0,1,0,100
V_005,Dantewada,HH_V_005_037,SRV_002,2025-01-15,2,0,2,16,4,4,0,2,0,None,0,0,1,0,100
V_005,Dantewada,HH_V_005_038,SRV_009,2025-01-15,0,0,0,16,4,4,0,2,0,None,0,0,1,0,100
V_005,Dantewada,HH_V_005_039,SRV_005,2025-01-15,3,1,2,10,2,4,0,2,1,Primary,1,0,4,1,60
V_005,Dantewada,HH_V_005_040,SRV_004,2025-01-15,1,0,1,16,4,4,0,2,0,None,0,0,1,0,100
V_005,Dantewada,HH_V_005_041,SRV_006,2025-01-15,2,0,2,12,2,4,0,2,1,Primary,0,0,3,0,73
V_005,Dantewada,HH_V_005_042,SRV_001,2025-01-15,2,1,1,14,3,4,0,2,0,None,1,0,1,0,91
V_005,Dantewada,HH_V_005_043,SRV_003,2025-01-15,3,2,1,10,2,4,0,2,1,Primary,1,0,4,1,66
V_005,Dantewada,HH_V_005_044,SRV_008,2025-01-15,4,1,3,16,4,4,0,2,0,None,1,0,1,0,100
V_005,Dantewada,HH_V_005_045,SRV_001,2025-01-15,1,0,1,16,4,4,0,2,0,None,0,0,1,0,100
V_005,Dantewada,HH_V_005_046,SRV_009,2025-01-15,4,3,1,16,4,4,0,2,0,None,1,0,1,0,100
V_005,Dantewada,HH_V_005_047,SRV_001,2025-01-15,2,1,1,10,2,4,0,2,1,Primary,1,0,4,1,64
V_005,Dantewada,HH_V_005_048,SRV_005,2025-01-15,0,0,0,16,4,4,0,2,0,None,0,0,1,0,100
V_005,Dantewada,HH_V_005_049,SRV_003,2025-01-15,3,1,2,16,4,4,0,2,0,None,1,0,1,0,100
V_005,Dantewada,HH_V_005_050,SRV_009,2025-01-15,1,0,1,15,3,4,0,2,0,None,0,0,1,0,98
V_005,Dantewada,HH_V_005_051,SRV_007,2025-01-15,4,3,1,14,3,4,0,2,0,None,1,0,1,0,92
V_005,Dantewada,HH_V_005_052,SRV_008,2025-01-15,2,1,1,13,3,4,0,2,0,None,1,0,2,0,86
V_005,Dantewada,HH_V_005_053,SRV_002,2025-01-15,4,1,3,12,2,4,0,2,1,Primary,1,0,3,0,74
V_005,Dantewada,HH_V_005_054,SRV_008,2025-01-15,0,0,0,14,3,4,0,2,0,None,0,0,1,0,92
V_005,Dantewada,HH_V_005_055,SRV_004,2025-01-15,3,0,3,14,3,4,0,2,0,None,0,0,1,0,92
V_005,Dantewada,HH_V_005_056,SRV_003,2025-01-15,0,0,0,16,4,4,0,2,0,None,0,0,1,0,100
V_005,Dantewada,HH_V_005_057,SRV_008,2025-01-15,0,0,0,10,2,4,0,2,1,Primary,0,0,4,1,62
V_005,Dantewada,HH_V_005_058,SRV_001,2025-01-15,4,1,3,15,3,4,0,2,0,None,1,0,1,0,95
V_005,Dantewada,HH_V_005_059,SRV_002,2025-01-15,3,1,2,12,3,4,0,2,0,None,1,0,3,0,79
V_005,Dantewada,HH_V_005_060,SRV_006,2025-01-15,2,1,1,12,3,4,0,2,0,None,1,0,3,0,75
V_005,Dantewada,HH_V_005_061,SRV_003,2025-01-15,0,0,0,15,3,4,0,2,0,None,0,0,1,0,96
V_005,Dantewada,HH_V_005_062,SRV_009,2025-01-15,4,2,2,16,4,4,0,2,0,None,1,0,1,0,100
V_005,Dantewada,HH_V_005_063,SRV_003,2025-01-15,2,1,1,13,3,4,0,2,0,None,1,0,2,0,84
V_005,Dantewada,HH_V_005_064,SRV_005,2025-01-15,3,2,1,12,2,4,0,2,1,Primary,1,0,3,0,73
V_005,Dantewada,HH_V_005_065,SRV_001,2025-01-15,1,0,1,16,4,4,0,2,0,None,0,0,1,0,100
V_005,Dantewada,HH_V_005_066,SRV_003,2025-01-15,2,1,1,13,3,4,0,2,0,None,1,0,2,0,86
V_005,Dantewada,HH_V_005_067,SRV_006,2025-01-15,1,0,1,14,3,4,0,2,0,None,0,0,2,0,88
V_005,Dantewada,HH_V_005_068,SRV_002,2025-01-15,0,0,0,16,4,4,0,2,0,None,0,0,1,0,100
V_005,Dantewada,HH_V_005_069,SRV_009,2025-01-15,2,0,2,15,3,4,0,2,0,None,0,0,1,0,95
V_005,Dantewada,HH_V_005_070,SRV_006,2025-01-15,0,0,0,13,3,4,0,2,0,None,0,0,2,0,81
V_005,Dantewada,HH_V_005_071,SRV_001,2025-01-15,0,0,0,15,3,4,0,2,0,None,0,0,1,0,98
V_005,Dantewada,HH_V_005_072,SRV_002,2025-01-15,2,0,2,13,3,4,0,2,0,None,0,0,2,0,80
V_005,Dantewada,HH_V_005_073,SRV_003,2025-01-15,1,0,1,14,3,4,0,2,0,None,0,0,2,0,88
V_005,Dantewada,HH_V_005_074,SRV_004,2025-01-15,2,0,2,16,4,4,0,2,0,None,0,0,1,0,100
V_005,Dantewada,HH_V_005_075,SRV_002,2025-01-15,4,3,1,16,4,4,0,2,0,None,1,0,1,0,100
V_005,Dantewada,HH_V_005_076,SRV_001,2025-01-15,0,0,0,16,4,4,0,2,0,None,0,0,1,0,100
V_005,Dantewada,HH_V_005_077,SRV_003,2025-01-15,4,1,3,13,3,4,0,2,0,None,1,0,2,0,80
V_005,Dantewada,HH_V_005_078,SRV_004,2025-01-15,0,0,0,15,3,4,0,2,0,None,0,0,1,0,93
V_005,Dantewada,HH_V_005_079,SRV_004,2025-01-15,3,1,2,11,2,4,0,2,1,Primary,1,0,3,0,71
V_005,Dantewada,HH_V_005_080,SRV_005,2025-01-15,4,1,3,10,2,4,0,2,1,Primary,1,0,4,1,64
V_005,Dantewada,HH_V_005_081,SRV_009,2025-01-15,3,1,2,16,4,4,0,2,0,None,1,0,1,0,100
V_005,Dantewada,HH_V_005_082,SRV_004,2025-01-15,0,0,0,12,3,4,0,2,0,None,0,0,3,0,78
V_005,Dantewada,HH_V_005_083,SRV_006,2025-01-15,2,0,2,13,3,4,0,2,0,None,0,0,2,0,82
V_005,Dantewada,HH_V_005_084,SRV_001,2025-01-15,2,1,1,12,3,4,0,2,0,None,1,0,3,0,79
V_005,Dantewada,HH_V_005_085,SRV_007,2025-01-15,4,2,2,16,4,4,0,2,0,None,1,0,1,0,100
V_005,Dantewada,HH_V_005_086,SRV_004,2025-01-15,2,0,2,14,3,4,0,2,0,None,0,0,2,0,87
V_005,Dantewada,HH_V_005_087,SRV_006,2025-01-15,2,1,1,15,3,4,0,2,0,None,1,0,1,0,95
V_005,Dantewada,HH_V_005_088,SRV_005,2025-01-15,0,0,0,14,3,4,0,2,0,None,0,0,1,0,91
V_005,Dantewada,HH_V_005_089,SRV_002,2025-01-15,3,1,2,11,2,4,0,2,1,Primary,1,0,4,1,68
V_005,Dantewada,HH_V_005_090,SRV_006,2025-01-15,3,2,1,12,2,4,0,2,1,Primary,1,0,3,0,74
V_005,Dantewada,HH_V_005_091,SRV_001,2025-01-15,2,1,1,16,4,4,0,2,0,None,1,0,1,0,100
V_005,Dantewada,HH_V_005_092,SRV_004,2025-01-15,4,1,3,16,4,4,0,2,0,None,1,0,1,0,100
V_005,Dantewada,HH_V_005_093,SRV_009,2025-01-15,1,0,1,13,3,4,0,2,0,None,0,0,2,0,83
V_005,Dantewada,HH_V_005_094,SRV_008,2025-01-15,1,0,1,13,3,4,0,2,0,None,0,0,2,0,81
V_005,Dantewada,HH_V_005_095,SRV_005,2025-01-15,1,0,1,16,4,4,0,2,0,None,0,0,1,0,100
V_005,Dantewada,HH_V_005_096,SRV_008,2025-01-15,2,0,2,13,3,4,0,2,0,None,0,0,2,0,80
V_005,Dantewada,HH_V_005_097,SRV_007,2025-01-15,4,0,4,16,4,4,0,2,0,None,0,0,1,0,100
V_005,Dantewada,HH_V_005_098,SRV_007,2025-01-15,2,0,2,16,4,4,0,2,0,None,0,0,1,0,100
V_005,Dantewada,HH_V_005_099,SRV_003,2025-01-15,2,1,1,16,4,4,0,2,0,None,1,0,1,0,100
V_006,Palakkad,HH_V_006_000,SRV_008,2025-01-15,1,0,1,2,0,4,1,2,3,Higher Secondary,0,1,9,1,11
V_006,Palakkad,HH_V_006_001,SRV_001,2025-01-15,4,3,1,5,1,4,1,2,2,Secondary,1,1,8,1,26
V_006,Palakkad,HH_V_006_002,SRV_003,2025-01-15,4,3,1,5,1,4,1,2,2,Secondary,1,1,8,1,28
V_006,Palakkad,HH_V_006_003,SRV_004,2025-01-15,4,3,1,5,1,4,1,2,2,Secondary,1,1,8,1,27
V_006,Palakkad,HH_V_006_004,SRV_009,2025-01-15,3,2,1,3,0,4,1,2,3,Higher Secondary,1,1,9,1,13
V_006,Palakkad,HH_V_006_005,SRV_003,2025-01-15,3,3,0,1,0,4,2,2,4,Graduate,1,1,11,1,0
V_006,Palakkad,HH_V_006_006,SRV_001,2025-01-15,0,0,0,4,0,4,1,2,3,Higher Secondary,0,1,8,1,23
V_006,Palakkad,HH_V_006_007,SRV_002,2025-01-15,2,1,1,6,1,4,1,2,2,Secondary,1,0,7,1,37
V_006,Palakkad,HH_V_006_008,SRV_008,2025-01-15,2,1,1,2,0,4,1,2,3,Higher Secondary,1,1,9,1,11
V_006,Palakkad,HH_V_006_009,SRV_006,2025-01-15,4,3,1,5,1,4,1,2,2,Secondary,1,1,8,1,26
V_006,Palakkad,HH_V_006_010,SRV_004,2025-01-15,0,0,0,2,0,4,1,2,3,Higher Secondary,0,1,9,1,11
V_006,Palakkad,HH_V_006_011,SRV_005,2025-01-15,3,2,1,3,0,4,1,2,3,Higher Secondary,1,1,9,1,18
V_006,Palakkad,HH_V_006_012,SRV_008,2025-01-15,4,3,1,3,0,4,1,2,3,Higher Secondary,1,1,9,1,18
V_006,Palakkad,HH_V_006_013,SRV_002,2025-01-15,1,0,1,5,1,4,1,2,2,Secondary,0,1,8,1,29
V_006,Palakkad,HH_V_006_014,SRV_003,2025-01-15,1,0,1,2,0,4,1,2,3,Higher Secondary,0,1,10,1,8
V_006,Palakkad,HH_V_006_015,SRV_007,2025-01-15,0,0,0,5,1,4,1,2,2,Secondary,0,0,7,1,30
V_006,Palakkad,HH_V_006_016,SRV_007,2025-01-15,4,4,0,1,0,4,2,2,4,Graduate,1,1,11,1,0
V_006,Palakkad,HH_V_006_017,SRV_001,2025-01-15,1,0,1,1,0,4,1,2,3,Higher Secondary,0,1,10,1,0
V_006,Palakkad,HH_V_006_018,SRV_007,2025-01-15,3,2,1,5,1,4,1,2,2,Secondary,1,0,7,1,30
V_006,Palakkad,HH_V_006_019,SRV_005,2025-01-15,3,2,1,3,0,4,1,2,3,Higher Secondary,1,1,9,1,13
V_006,Palakkad,HH_V_006_020,SRV_008,2025-01-15,2,1,1,5,1,4,1,2,2,Secondary,1,1,8,1,29
V_006,Palakkad,HH_V_006_021,SRV_001,2025-01-15,0,0,0,2,0,4,1,2,3,Higher Secondary,0,1,10,1,8
V_006,Palakkad,HH_V_006_022,SRV_002,2025-01-15,4,3,1,5,1,4,1,2,2,Secondary,1,1,8,1,28
V_006,Palakkad,HH_V_006_023,SRV_005,2025-01-15,1,0,1,7,1,4,1,2,2,Secondary,0,0,6,1,42
V_006,Palakkad,HH_V_006_024,SRV_009,2025-01-15,3,2,1,2,0,4,1,2,3,Higher Secondary,1,1,9,1,11
V_006,Palakkad,HH_V_006_025,SRV_008,2025-01-15,2,1,1,2,0,4,1,2,3,Higher Secondary,1,1,10,1,9
V_006,Palakkad,HH_V_006_026,SRV_008,2025-01-15,3,2,1,1,0,4,1,2,3,Higher Secondary,1,1,10,1,1
V_006,Palakkad,HH_V_006_027,SRV_006,2025-01-15,3,2,1,5,1,4,1,2,2,Secondary,1,1,8,1,27
V_006,Palakkad,HH_V_006_028,SRV_008,2025-01-15,1,0,1,3,0,4,1,2,3,Higher Secondary,0,1,9,1,14
V_006,Palakkad,HH_V_006_029,SRV_003,2025-01-15,4,4,0,1,0,4,2,2,4,Graduate,1,1,11,1,0
V_006,Palakkad,HH_V_006_030,SRV_009,2025-01-15,0,0,0,1,0,4,2,2,4,Graduate,0,1,11,1,0
V_006,Palakkad,HH_V_006_031,SRV_007,2025-01-15,0,0,0,2,0,4,1,2,3,Higher Secondary,0,1,9,1,12
V_006,Palakkad,HH_V_006_032,SRV_001,2025-01-15,2,1,1,7,1,4,1,2,2,Secondary,1,0,6,1,42
V_006,Palakkad,HH_V_006_033,SRV_007,2025-01-15,4,3,1,3,0,4,1,2,3,Higher Secondary,1,1,9,1,16
V_006,Palakkad,HH_V_006_034,SRV_009,2025-01-15,1,0,1,6,1,4,1,2,2,Secondary,0,0,7,1,35
V_006,Palakkad,HH_V_006_035,SRV_002,2025-01-15,2,1,1,6,1,4,1,2,2,Secondary,1,0,7,1,35
V_006,Palakkad,HH_V_006_036,SRV_009,2025-01-15,1,0,1,3,0,4,1,2,3,Higher Secondary,0,1,9,1,15
V_006,Palakkad,HH_V_006_037,SRV_001,2025-01-15,0,0,0,3,0,4,1,2,3,Higher Secondary,0,1,9,1,18
V_006,Palakkad,HH_V_006_038,SRV_007,2025-01-15,1,0,1,6,1,4,1,2,2,Secondary,0,0,7,1,35
V_006,Palakkad,HH_V_006_039,SRV_008,2025-01-15,0,0,0,4,0,4,1,2,3,Higher Secondary,0,1,8,1,23
V_006,Palakkad,HH_V_006_040,SRV_002,2025-01-15,0,0,0,3,0,4,1,2,3,Higher Secondary,0,1,9,1,18
V_006,Palakkad,HH_V_006_041,SRV_002,2025-01-15,2,1,1,1,0,4,1,2,3,Higher Secondary,1,1,10,1,2
V_006,Palakkad,HH_V_006_042,SRV_007,2025-01-15,1,0,1,6,1,4,1,2,2,Secondary,0,0,7,1,35
V_006,Palakkad,HH_V_006_043,SRV_007,2025-01-15,0,0,0,4,0,4,1,2,3,Higher Secondary,0,1,8,1,21
V_006,Palakkad,HH_V_006_044,SRV_002,2025-01-15,0,0,0,2,0,4,1,2,3,Higher Secondary,0,1,9,1,11
V_006,Palakkad,HH_V_006_045,SRV_006,2025-01-15,4,3,1,7,1,4,1,2,2,Secondary,1,0,6,1,42
V_006,Palakkad,HH_V_006_046,SRV_004,2025-01-15,1,0,1,2,0,4,1,2,3,Higher Secondary,0,1,9,1,10
V_006,Palakkad,HH_V_006_047,SRV_008,2025-01-15,2,2,0,1,0,4,2,2,4,Graduate,1,1,11,1,0
V_006,Palakkad,HH_V_006_048,SRV_001,2025-01-15,1,0,1,4,0,4,1,2,3,Higher Secondary,0,1,8,1,22
V_006,Palakkad,HH_V_006_049,SRV_007,2025-01-15,2,1,1,3,0,4,1,2,3,Higher Secondary,1,1,9,1,19
V_006,Palakkad,HH_V_006_050,SRV_004,2025-01-15,0,0,0,7,1,4,1,2,2,Secondary,0,0,6,1,42
V_006,Palakkad,HH_V_006_051,SRV_006,2025-01-15,1,1,0,1,0,4,2,2,4,Graduate,1,1,11,1,0
V_006,Palakkad,HH_V_006_052,SRV_008,2025-01-15,3,2,1,5,1,4,1,2,2,Secondary,1,1,8,1,27
V_006,Palakkad,HH_V_006_053,SRV_001,2025-01-15,1,0,1,7,1,4,1,2,2,Secondary,0,0,6,1,40
V_006,Palakkad,HH_V_006_054,SRV_001,2025-01-15,1,0,1,7,1,4,1,2,2,Secondary,0,0,6,1,40
V_006,Palakkad,HH_V_006_055,SRV_006,2025-01-15,1,0,1,2,0,4,1,2,3,Higher Secondary,0,1,10,1,7
V_006,Palakkad,HH_V_006_056,SRV_006,2025-01-15,4,3,1,3,0,4,1,2,3,Higher Secondary,1,1,9,1,14
V_006,Palakkad,HH_V_006_057,SRV_006,2025-01-15,2,1,1,3,0,4,1,2,3,Higher Secondary,1,1,9,1,19
V_006,Palakkad,HH_V_006_058,SRV_009,2025-01-15,0,0,0,1,0,4,1,2,3,Higher Secondary,0,1,10,1,4
V_006,Palakkad,HH_V_006_059,SRV_008,2025-01-15,0,0,0,4,1,4,1,2,2,Secondary,0,1,8,1,25
V_006,Palakkad,HH_V_006_060,SRV_001,2025-01-15,2,1,1,1,0,4,1,2,3,Higher Secondary,1,1,10,1,4
V_006,Palakkad,HH_V_006_061,SRV_001,2025-01-15,3,2,1,5,1,4,1,2,2,Secondary,1,1,8,1,27
V_006,Palakkad,HH_V_006_062,SRV_009,2025-01-15,1,0,1,5,1,4,1,2,2,Secondary,0,1,8,1,28
V_006,Palakkad,HH_V_006_063,SRV_003,2025-01-15,0,0,0,5,1,4,1,2,2,Secondary,0,1,8,1,28
V_006,Palakkad,HH_V_006_064,SRV_009,2025-01-15,3,2,1,7,1,4,1,2,2,Secondary,1,0,6,1,43
V_006,Palakkad,HH_V_006_065,SRV_005,2025-01-15,1,0,1,1,0,4,1,2,3,Higher Secondary,0,1,10,1,2
V_006,Palakkad,HH_V_006_066,SRV_002,2025-01-15,1,0,1,3,0,4,1,2,3,Higher Secondary,0,1,9,1,15
V_006,Palakkad,HH_V_006_067,SRV_008,2025-01-15,0,0,0,5,1,4,1,2,2,Secondary,0,0,7,1,31
V_006,Palakkad,HH_V_006_068,SRV_009,2025-01-15,0,0,0,2,0,4,1,2,3,Higher Secondary,0,1,9,1,11
V_006,Palakkad,HH_V_006_069,SRV_002,2025-01-15,3,2,1,6,1,4,1,2,2,Secondary,1,0,7,1,36
V_006,Palakkad,HH_V_006_070,SRV_008,2025-01-15,2,1,1,2,0,4,1,2,3,Higher Secondary,1,1,9,1,10
V_006,Palakkad,HH_V_006_071,SRV_002,2025-01-15,1,0,1,1,0,4,1,2,3,Higher Secondary,0,1,10,1,0
V_006,Palakkad,HH_V_006_072,SRV_007,2025-01-15,3,2,1,1,0,4,1,2,3,Higher Secondary,1,1,10,1,5
V_006,Palakkad,HH_V_006_073,SRV_009,2025-01-15,1,0,1,1,0,4,1,2,3,Higher Secondary,0,1,10,1,5
V_006,Palakkad,HH_V_006_074,SRV_009,2025-01-15,2,1,1,2,0,4,1,2,3,Higher Secondary,1,1,9,1,10
V_006,Palakkad,HH_V_006_075,SRV_005,2025-01-15,2,2,0,1,0,4,2,2,4,Graduate,1,1,11,1,0
V_006,Palakkad,HH_V_006_076,SRV_002,2025-01-15,3,2,1,1,0,4,1,2,3,Higher Secondary,1,1,10,1,6
V_006,Palakkad,HH_V_006_077,SRV_005,2025-01-15,2,1,1,6,1,4,1,2,2,Secondary,1,0,7,1,34
V_006,Palakkad,HH_V_006_078,SRV_004,2025-01-15,2,1,1,2,0,4,1,2,3,Higher Secondary,1,1,10,1,9
V_006,Palakkad,HH_V_006_079,SRV_002,2025-01-15,3,2,1,4,0,4,1,2,3,Higher Secondary,1,1,8,1,21
V_006,Palakkad,HH_V_006_080,SRV_009,2025-01-15,4,3,1,3,0,4,1,2,3,Higher Secondary,1,1,9,1,15
V_006,Palakkad,HH_V_006_081,SRV_005,2025-01-15,1,0,1,2,0,4,1,2,3,Higher Secondary,0,1,9,1,10
V_006,Palakkad,HH_V_006_082,SRV_001,2025-01-15,4,3,1,1,0,4,1,2,3,Higher Secondary,1,1,10,1,6
V_006,Palakkad,HH_V_006_083,SRV_006,2025-01-15,4,3,1,2,0,4,1,2,3,Higher Secondary,1,1,9,1,13
V_006,Palakkad,HH_V_006_084,SRV_008,2025-01-15,0,0,0,2,0,4,1,2,3,Higher Secondary,0,1,10,1,9
V_006,Palakkad,HH_V_006_085,SRV_004,2025-01-15,2,1,1,3,0,4,1,2,3,Higher Secondary,1,1,9,1,17
V_006,Palakkad,HH_V_006_086,SRV_006,2025-01-15,1,0,1,3,0,4,1,2,3,Higher Secondary,0,1,9,1,16
V_006,Palakkad,HH_V_006_087,SRV_009,2025-01-15,4,3,1,4,0,4,1,2,3,Higher Secondary,1,1,8,1,24
V_006,Palakkad,HH_V_006_088,SRV_009,2025-01-15,2,1,1,3,0,4,1,2,3,Higher Secondary,1,1,9,1,13
V_006,Palakkad,HH_V_006_089,SRV_005,2025-01-15,0,0,0,6,1,4,1,2,2,Secondary,0,0,7,1,37
V_006,Palakkad,HH_V_006_090,SRV_001,2025-01-15,1,0,1,2,0,4,1,2,3,Higher Secondary,0,1,9,1,12
V_006,Palakkad,HH_V_006_091,SRV_009,2025-01-15,2,1,1,3,0,4,1,2,3,Higher Secondary,1,1,9,1,13
V_006,Palakkad,HH_V_006_092,SRV_001,2025-01-15,4,2,2,7,1,4,1,2,2,Secondary,1,0,6,1,46
V_006,Palakkad,HH_V_006_093,SRV_009,2025-01-15,4,3,1,7,1,4,1,2,2,Secondary,1,0,6,1,46
V_006,Palakkad,HH_V_006_094,SRV_005,2025-01-15,0,0,0,1,0,4,2,2,4,Graduate,0,1,11,1,0
V_006,Palakkad,HH_V_006_095,SRV_008,2025-01-15,3,3,0,1,0,4,2,2,4,Graduate,1,1,11,1,0
V_006,Palakkad,HH_V_006_096,SRV_005,2025-01-15,1,0,1,6,1,4,1,2,2,Secondary,0,0,7,1,39
V_006,Palakkad,HH_V_006_097,SRV_001,2025-01-15,0,0,0,9,2,4,0,2,1,Primary,0,0,5,1,53
V_006,Palakkad,HH_V_006_098,SRV_002,2025-01-15,0,0,0,6,1,4,1,2,2,Secondary,0,0,7,1,37
V_006,Palakkad,HH_V_006_099,SRV_007,2025-01-15,0,0,0,5,1,4,1,2,2,Secondary,0,0,7,1,32
V_007,Koraput,HH_V_007_000,SRV_009,2025-01-15,1,0,1,12,3,4,0,2,0,None,0,0,3,0,76
V_007,Koraput,HH_V_007_001,SRV_006,2025-01-15,0,0,0,14,3,4,0,2,0,None,0,0,1,0,90
V_007,Koraput,HH_V_007_002,SRV_003,2025-01-15,0,0,0,16,4,4,0,2,0,None,0,0,1,0,100
V_007,Koraput,HH_V_007_003,SRV_003,2025-01-15,3,1,2,16,4,4,0,2,0,None,1,0,1,0,100
V_007,Koraput,HH_V_007_004,SRV_001,2025-01-15,2,1,1,12,3,4,0,2,0,None,1,0,3,0,77
V_007,Koraput,HH_V_007_005,SRV_001,2025-01-15,0,0,0,16,4,4,0,2,0,None,0,0,1,0,100
V_007,Koraput,HH_V_007_006,SRV_006,2025-01-15,1,0,1,10,2,4,0,2,1,Primary,0,0,4,1,61
V_007,Koraput,HH_V_007_007,SRV_002,2025-01-15,3,0,3,15,3,4,0,2,0,None,0,0,1,0,95
V_007,Koraput,HH_V_007_008,SRV_003,2025-01-15,4,1,3,13,3,4,0,2,0,None,1,0,2,0,82
V_007,Koraput,HH_V_007_009,SRV_009,2025-01-15,4,1,3,16,4,4,0,2,0,None,1,0,1,0,100
V_007,Koraput,HH_V_007_010,SRV_001,2025-01-15,4,2,2,13,3,4,0,2,0,None,1,0,2,0,86
V_007,Koraput,HH_V_007_011,SRV_007,2025-01-15,3,0,3,13,3,4,0,2,0,None,0,0,2,0,86
V_007,Koraput,HH_V_007_012,SRV_001,2025-01-15,0,0,0,16,4,4,0,2,0,None,0,0,1,0,100
V_007,Koraput,HH_V_007_013,SRV_002,2025-01-15,2,1,1,11,2,4,0,2,1,Primary,1,0,4,1,69
V_007,Koraput,HH_V_007_014,SRV_007,2025-01-15,3,2,1,8,2,4,0,2,1,Primary,1,0,5,1,50
V_007,Koraput,HH_V_007_015,SRV_008,2025-01-15,0,0,0,15,3,4,0,2,0,None,0,0,1,0,95
V_007,Koraput,HH_V_007_016,SRV_009,2025-01-15,4,3,1,11,2,4,0,2,1,Primary,1,0,3,0,71
V_007,Koraput,HH_V_007_017,SRV_001,2025-01-15,0,0,0,12,2,4,0,2,1,Primary,0,0,3,0,74
V_007,Koraput,HH_V_007_018,SRV_004,2025-01-15,1,0,1,16,4,4,0,2,0,None,0,0,1,0,100
V_007,Koraput,HH_V_007_019,SRV_006,2025-01-15,4,2,2,12,3,4,0,2,0,None,1,0,3,0,78
V_007,Koraput,HH_V_007_020,SRV_004,2025-01-15,3,2,1,14,3,4,0,2,0,None,1,0,2,0,89
V_007,Koraput,HH_V_007_021,SRV_004,2025-01-15,2,0,2,13,3,4,0,2,0,None,0,0,2,0,80
V_007,Koraput,HH_V_007_022,SRV_006,2025-01-15,4,3,1,16,4,4,0,2,0,None,1,0,1,0,100
V_007,Koraput,HH_V_007_023,SRV_006,2025-01-15,3,1,2,11,2,4,0,2,1,Primary,1,0,3,0,70
V_007,Koraput,HH_V_007_024,SRV_002,2025-01-15,0,0,0,15,3,4,0,2,0,None,0,0,1,0,96
V_007,Koraput,HH_V_007_025,SRV_003,2025-01-15,4,0,4,14,3,4,0,2,0,None,0,0,1,0,92
V_007,Koraput,HH_V_007_026,SRV_001,2025-01-15,1,0,1,12,3,4,0,2,0,None,0,0,3,0,78
V_007,Koraput,HH_V_007_027,SRV_001,2025-01-15,1,0,1,14,3,4,0,2,0,None,0,0,1,0,92
V_007,Koraput,HH_V_007_028,SRV_001,2025-01-15,1,0,1,15,3,4,0,2,0,None,0,0,1,0,95
V_007,Koraput,HH_V_007_029,SRV_009,2025-01-15,4,2,2,13,3,4,0,2,0,None,1,0,2,0,83
V_007,Koraput,HH_V_007_030,SRV_003,2025-01-15,3,0,3,13,3,4,0,2,0,None,0,0,2,0,85
V_007,Koraput,HH_V_007_031,SRV_002,2025-01-15,4,3,1,10,2,4,0,2,1,Primary,1,0,4,1,61
V_007,Koraput,HH_V_007_032,SRV_002,2025-01-15,1,0,1,12,3,4,0,2,0,None,0,0,3,0,77
V_007,Koraput,HH_V_007_033,SRV_008,2025-01-15,0,0,0,10,2,4,0,2,1,Primary,0,0,4,1,61
V_007,Koraput,HH_V_007_034,SRV_001,2025-01-15,2,1,1,16,4,4,0,2,0,None,1,0,1,0,100
V_007,Koraput,HH_V_007_035,SRV_007,2025-01-15,0,0,0,15,3,4,0,2,0,None,0,0,1,0,99
V_007,Koraput,HH_V_007_036,SRV_003,2025-01-15,0,0,0,10,2,4,0,2,1,Primary,0,0,4,1,66
V_007,Koraput,HH_V_007_037,SRV_001,2025-01-15,2,0,2,16,4,4,0,2,0,None,0,0,1,0,100
V_007,Koraput,HH_V_007_038,SRV_005,2025-01-15,0,0,0,11,2,4,0,2,1,Primary,0,0,3,0,73
V_007,Koraput,HH_V_007_039,SRV_008,2025-01-15,1,0,1,16,4,4,0,2,0,None,0,0,1,0,100
V_007,Koraput,HH_V_007_040,SRV_006,2025-01-15,3,1,2,12,3,4,0,2,0,None,1,0,3,0,79
V_007,Koraput,HH_V_007_041,SRV_008,2025-01-15,1,0,1,14,3,4,0,2,0,None,0,0,1,0,91
V_007,Koraput,HH_V_007_042,SRV_009,2025-01-15,4,3,1,16,4,4,0,2,0,None,1,0,1,0,100
V_007,Koraput,HH_V_007_043,SRV_009,2025-01-15,1,0,1,10,2,4,0,2,1,Primary,0,0,4,1,61
V_007,Koraput,HH_V_007_044,SRV_002,2025-01-15,3,1,2,13,3,4,0,2,0,None,1,0,2,0,83
V_007,Koraput,HH_V_007_045,SRV_002,2025-01-15,2,0,2,12,2,4,0,2,1,Primary,0,0,3,0,74
V_007,Koraput,HH_V_007_046,SRV_007,2025-01-15,1,0,1,15,3,4,0,2,0,None,0,0,1,0,95
V_007,Koraput,HH_V_007_047,SRV_008,2025-01-15,3,2,1,7,1,4,1,2,2,Secondary,1,0,6,1,41
V_007,Koraput,HH_V_007_048,SRV_007,2025-01-15,1,0,1,16,4,4,0,2,0,None,0,0,1,0,100
V_007,Koraput,HH_V_007_049,SRV_002,2025-01-15,2,1,1,13,3,4,0,2,0,None,1,0,2,0,86
V_007,Koraput,HH_V_007_050,SRV_001,2025-01-15,2,1,1,15,3,4,0,2,0,None,1,0,1,0,94
V_007,Koraput,HH_V_007_051,SRV_003,2025-01-15,4,1,3,13,3,4,0,2,0,None,1,0,2,0,83
V_007,Koraput,HH_V_007_052,SRV_009,2025-01-15,0,0,0,13,3,4,0,2,0,None,0,0,2,0,83
V_007,Koraput,HH_V_007_053,SRV_005,2025-01-15,2,1,1,11,2,4,0,2,1,Primary,1,0,4,1,67
V_007,Koraput,HH_V_007_054,SRV_009,2025-01-15,3,2,1,10,2,4,0,2,1,Primary,1,0,4,1,61
V_007,Koraput,HH_V_007_055,SRV_009,2025-01-15,3,2,1,15,3,4,0,2,0,None,1,0,1,0,97
V_007,Koraput,HH_V_007_056,SRV_003,2025-01-15,3,0,3,12,3,4,0,2,0,None,0,0,3,0,79
V_007,Koraput,HH_V_007_057,SRV_001,2025-01-15,4,2,2,13,3,4,0,2,0,None,1,0,2,0,83
V_007,Koraput,HH_V_007_058,SRV_002,2025-01-15,0,0,0,14,3,4,0,2,0,None,0,0,2,0,89
V_007,Koraput,HH_V_007_059,SRV_009,2025-01-15,2,1,1,12,3,4,0,2,0,None,1,0,3,0,75
V_007,Koraput,HH_V_007_060,SRV_009,2025-01-15,3,1,2,15,3,4,0,2,0,None,1,0,1,0,94
V_007,Koraput,HH_V_007_061,SRV_008,2025-01-15,3,0,3,15,3,4,0,2,0,None,0,0,1,0,99
V_007,Koraput,HH_V_007_062,SRV_005,2025-01-15,3,1,2,14,3,4,0,2,0,None,1,0,2,0,88
V_007,Koraput,HH_V_007_063,SRV_009,2025-01-15,3,0,3,11,2,4,0,2,1,Primary,0,0,3,0,71
V_007,Koraput,HH_V_007_064,SRV_002,2025-01-15,1,0,1,13,3,4,0,2,0,None,0,0,2,0,85
V_007,Koraput,HH_V_007_065,SRV_005,2025-01-15,3,1,2,10,2,4,0,2,1,Primary,1,0,4,1,63
V_007,Koraput,HH_V_007_066,SRV_003,2025-01-15,4,2,2,11,2,4,0,2,1,Primary,1,0,4,1,68
V_007,Koraput,HH_V_007_067,SRV_002,2025-01-15,3,1,2,12,2,4,0,2,1,Primary,1,0,3,0,73
V_007,Koraput,HH_V_007_068,SRV_001,2025-01-15,1,0,1,16,4,4,0,2,0,None,0,0,1,0,100
V_007,Koraput,HH_V_007_069,SRV_002,2025-01-15,1,0,1,14,3,4,0,2,0,None,0,0,1,0,92
V_007,Koraput,HH_V_007_070,SRV_001,2025-01-15,2,1,1,16,4,4,0,2,0,None,1,0,1,0,100
V_007,Koraput,HH_V_007_071,SRV_009,2025-01-15,4,3,1,13,3,4,0,2,0,None,1,0,2,0,84
V_007,Koraput,HH_V_007_072,SRV_002,2025-01-15,3,1,2,11,2,4,0,2,1,Primary,1,0,3,0,71
V_007,Koraput,HH_V_007_073,SRV_006,2025-01-15,4,1,3,10,2,4,0,2,1,Primary,1,0,4,1,65
V_007,Koraput,HH_V_007_074,SRV_006,2025-01-15,3,0,3,11,2,4,0,2,1,Primary,0,0,3,0,70
V_007,Koraput,HH_V_007_075,SRV_006,2025-01-15,2,0,2,15,3,4,0,2,0,None,0,0,1,0,94
V_007,Koraput,HH_V_007_076,SRV_009,2025-01-15,3,2,1,7,1,4,1,2,2,Secondary,1,0,6,1,42
V_007,Koraput,HH_V_007_077,SRV_002,2025-01-15,4,3,1,16,4,4,0,2,0,None,1,0,1,0,100
V_007,Koraput,HH_V_007_078,SRV_008,2025-01-15,2,0,2,15,3,4,0,2,0,None,0,0,1,0,95
V_007,Koraput,HH_V_007_079,SRV_005,2025-01-15,3,2,1,14,3,4,0,2,0,None,1,0,2,0,88
V_007,Koraput,HH_V_007_080,SRV_006,2025-01-15,4,1,3,13,3,4,0,2,0,None,1,0,2,0,82
V_007,Koraput,HH_V_007_081,SRV_003,2025-01-15,1,0,1,9,2,4,0,2,1,Primary,0,0,5,1,57
V_007,Koraput,HH_V_007_082,SRV_001,2025-01-15,4,0,4,16,4,4,0,2,0,None,0,0,1,0,100
V_007,Koraput,HH_V_007_083,SRV_003,2025-01-15,2,1,1,15,3,4,0,2,0,None,1,0,1,0,96
V_007,Koraput,HH_V_007_084,SRV_009,2025-01-15,3,1,2,16,4,4,0,2,0,None,1,0,1,0,100
V_007,Koraput,HH_V_007_085,SRV_009,2025-01-15,0,0,0,15,3,4,0,2,0,None,0,0,1,0,98
V_007,Koraput,HH_V_007_086,SRV_001,2025-01-15,4,1,3,15,3,4,0,2,0,None,1,0,1,0,96
V_007,Koraput,HH_V_007_087,SRV_001,2025-01-15,1,0,1,12,2,4,0,2,1,Primary,0,0,3,0,73
V_007,Koraput,HH_V_007_088,SRV_006,2025-01-15,1,0,1,14,3,4,0,2,0,None,0,0,2,0,87
V_007,Koraput,HH_V_007_089,SRV_004,2025-01-15,4,2,2,16,4,4,0,2,0,None,1,0,1,0,100
V_007,Koraput,HH_V_007_090,SRV_005,2025-01-15,1,0,1,16,4,4,0,2,0,None,0,0,1,0,100
V_007,Koraput,HH_V_007_091,SRV_005,2025-01-15,4,3,1,11,2,4,0,2,1,Primary,1,0,3,0,71
V_007,Koraput,HH_V_007_092,SRV_007,2025-01-15,0,0,0,11,2,4,0,2,1,Primary,0,0,4,1,69
V_007,Koraput,HH_V_007_093,SRV_004,2025-01-15,2,1,1,14,3,4,0,2,0,None,1,0,1,0,92
V_007,Koraput,HH_V_007_094,SRV_001,2025-01-15,3,1,2,14,3,4,0,2,0,None,1,0,2,0,89
V_007,Koraput,HH_V_007_095,SRV_003,2025-01-15,2,1,1,12,3,4,0,2,0,None,1,0,3,0,75
V_007,Koraput,HH_V_007_096,SRV_005,2025-01-15,3,1,2,13,3,4,0,2,0,None,1,0,2,0,82
V_007,Koraput,HH_V_007_097,SRV_006,2025-01-15,0,0,0,13,3,4,0,2,0,None,0,0,2,0,83
V_007,Koraput,HH_V_007_098,SRV_008,2025-01-15,2,1,1,16,4,4,0,2,0,None,1,0,1,0,100
V_007,Koraput,HH_V_007_099,SRV_002,2025-01-15,2,0,2,14,3,4,0,2,0,None,0,0,2,0,87
V_008,Mawlynnong,HH_V_008_000,SRV_007,2025-01-15,2,1,1,8,2,4,0,2,1,Primary,1,0,5,1,50
V_008,Mawlynnong,HH_V_008_001,SRV_002,2025-01-15,1,0,1,8,1,4,1,2,2,Secondary,0,0,6,1,49
V_008,Mawlynnong,HH_V_008_002,SRV_005,2025-01-15,0,0,0,11,2,4,0,2,1,Primary,0,0,3,0,72
V_008,Mawlynnong,HH_V_008_003,SRV_005,2025-01-15,0,0,0,4,1,4,1,2,2,Secondary,0,1,8,1,25
V_008,Mawlynnong,HH_V_008_004,SRV_007,2025-01-15,3,2,1,3,0,4,1,2,3,Higher Secondary,1,1,9,1,13
V_008,Mawlynnong,HH_V_008_005,SRV_001,2025-01-15,3,2,1,4,0,4,1,2,3,Higher Secondary,1,1,8,1,20
V_008,Mawlynnong,HH_V_008_006,SRV_006,2025-01-15,1,0,1,6,1,4,1,2,2,Secondary,0,0,7,1,39
V_008,Mawlynnong,HH_V_008_007,SRV_006,2025-01-15,1,0,1,4,0,4,1,2,3,Higher Secondary,0,1,8,1,22
V_008,Mawlynnong,HH_V_008_008,SRV_003,2025-01-15,3,2,1,7,1,4,1,2,2,Secondary,1,0,6,1,43
V_008,Mawlynnong,HH_V_008_009,SRV_009,2025-01-15,3,2,1,4,1,4,1,2,2,Secondary,1,1,8,1,26
V_008,Mawlynnong,HH_V_008_010,SRV_004,2025-01-15,1,0,1,4,0,4,1,2,3,Higher Secondary,0,1,8,1,24
V_008,Mawlynnong,HH_V_008_011,SRV_005,2025-01-15,3,2,1,5,1,4,1,2,2,Secondary,1,1,8,1,27
V_008,Mawlynnong,HH_V_008_012,SRV_008,2025-01-15,1,0,1,8,1,4,1,2,2,Secondary,0,0,6,1,47
V_008,Mawlynnong,HH_V_008_013,SRV_005,2025-01-15,4,3,1,4,0,4,1,2,3,Higher Secondary,1,1,8,1,23
V_008,Mawlynnong,HH_V_008_014,SRV_006,2025-01-15,4,3,1,7,1,4,1,2,2,Secondary,1,0,6,1,41
V_008,Mawlynnong,HH_V_008_015,SRV_008,2025-01-15,0,0,0,4,0,4,1,2,3,Higher Secondary,0,1,8,1,22
V_008,Mawlynnong,HH_V_008_016,SRV_006,2025-01-15,4,3,1,4,1,4,1,2,2,Secondary,1,1,8,1,26
V_008,Mawlynnong,HH_V_008_017,SRV_006,2025-01-15,3,2,1,9,2,4,0,2,1,Primary,1,0,5,1,54
V_008,Mawlynnong,HH_V_008_018,SRV_002,2025-01-15,3,2,1,3,0,4,1,2,3,Higher Secondary,1,1,9,1,15
V_008,Mawlynnong,HH_V_008_019,SRV_002,2025-01-15,3,2,1,4,1,4,1,2,2,Secondary,1,1,8,1,25
V_008,Mawlynnong,HH_V_008_020,SRV_008,2025-01-15,3,2,1,7,1,4,1,2,2,Secondary,1,0,6,1,40
V_008,Mawlynnong,HH_V_008_021,SRV_003,2025-01-15,2,1,1,7,1,4,1,2,2,Secondary,1,0,6,1,41
V_008,Mawlynnong,HH_V_008_022,SRV_001,2025-01-15,2,2,0,1,0,4,2,2,4,Graduate,1,1,11,1,0
V_008,Mawlynnong,HH_V_008_023,SRV_001,2025-01-15,3,2,1,6,1,4,1,2,2,Secondary,1,0,7,1,39
V_008,Mawlynnong,HH_V_008_024,SRV_006,2025-01-15,4,3,1,5,1,4,1,2,2,Secondary,1,0,7,1,31
V_008,Mawlynnong,HH_V_008_025,SRV_005,2025-01-15,3,2,1,7,1,4,1,2,2,Secondary,1,0,6,1,41
V_008,Mawlynnong,HH_V_008_026,SRV_007,2025-01-15,1,0,1,9,2,4,0,2,1,Primary,0,0,5,1,53
V_008,Mawlynnong,HH_V_008_027,SRV_002,2025-01-15,0,0,0,8,2,4,0,2,1,Primary,0,0,5,1,51
V_008,Mawlynnong,HH_V_008_028,SRV_001,2025-01-15,2,1,1,11,2,4,0,2,1,Primary,1,0,3,0,70
V_008,Mawlynnong,HH_V_008_029,SRV_001,2025-01-15,1,0,1,6,1,4,1,2,2,Secondary,0,0,7,1,37
V_008,Mawlynnong,HH_V_008_030,SRV_007,2025-01-15,4,2,2,5,1,4,1,2,2,Secondary,1,0,7,1,31
V_008,Mawlynnong,HH_V_008_031,SRV_001,2025-01-15,0,0,0,4,1,4,1,2,2,Secondary,0,1,8,1,25
V_008,Mawlynnong,HH_V_008_032,SRV_002,2025-01-15,0,0,0,7,1,4,1,2,2,Secondary,0,0,6,1,45
V_008,Mawlynnong,HH_V_008_033,SRV_004,2025-01-15,0,0,0,5,1,4,1,2,2,Secondary,0,0,7,1,30
V_008,Mawlynnong,HH_V_008_034,SRV_008,2025-01-15,2,1,1,3,0,4,1,2,3,Higher Secondary,1,1,9,1,14
V_008,Mawlynnong,HH_V_008_035,SRV_001,2025-01-15,4,3,1,7,1,4,1,2,2,Secondary,1,0,6,1,40
V_008,Mawlynnong,HH_V_008_036,SRV_002,2025-01-15,3,1,2,7,1,4,1,2,2,Secondary,1,0,6,1,41
V_008,Mawlynnong,HH_V_008_037,SRV_004,2025-01-15,3,2,1,3,0,4,1,2,3,Higher Secondary,1,1,9,1,18
V_008,Mawlynnong,HH_V_008_038,SRV_008,2025-01-15,4,3,1,9,2,4,0,2,1,Primary,1,0,5,1,57
V_008,Mawlynnong,HH_V_008_039,SRV_009,2025-01-15,4,2,2,7,1,4,1,2,2,Secondary,1,0,6,1,45
V_008,Mawlynnong,HH_V_008_040,SRV_009,2025-01-15,1,0,1,2,0,4,1,2,3,Higher Secondary,0,1,10,1,7
V_008,Mawlynnong,HH_V_008_041,SRV_003,2025-01-15,1,0,1,3,0,4,1,2,3,Higher Secondary,0,1,9,1,19
V_008,Mawlynnong,HH_V_008_042,SRV_001,2025-01-15,0,0,0,8,1,4,1,2,2,Secondary,0,0,6,1,49
V_008,Mawlynnong,HH_V_008_043,SRV_004,2025-01-15,1,0,1,1,0,4,1,2,3,Higher Secondary,0,1,10,1,2
V_008,Mawlynnong,HH_V_008_044,SRV_009,2025-01-15,1,0,1,4,1,4,1,2,2,Secondary,0,1,8,1,26
V_008,Mawlynnong,HH_V_008_045,SRV_006,2025-01-15,2,1,1,7,1,4,1,2,2,Secondary,1,0,6,1,40
V_008,Mawlynnong,HH_V_008_046,SRV_008,2025-01-15,2,1,1,8,1,4,1,2,2,Secondary,1,0,6,1,48
V_008,Mawlynnong,HH_V_008_047,SRV_008,2025-01-15,3,2,1,9,2,4,0,2,1,Primary,1,0,5,1,53
V_008,Mawlynnong,HH_V_008_048,SRV_007,2025-01-15,4,3,1,8,2,4,0,2,1,Primary,1,0,5,1,50
V_008,Mawlynnong,HH_V_008_049,SRV_002,2025-01-15,4,3,1,4,0,4,1,2,3,Higher Secondary,1,1,8,1,21
V_008,Mawlynnong,HH_V_008_050,SRV_008,2025-01-15,1,0,1,8,1,4,1,2,2,Secondary,0,0,6,1,47
V_008,Mawlynnong,HH_V_008_051,SRV_004,2025-01-15,2,1,1,5,1,4,1,2,2,Secondary,1,1,8,1,26
V_008,Mawlynnong,HH_V_008_052,SRV_002,2025-01-15,0,0,0,3,0,4,1,2,3,Higher Secondary,0,1,9,1,18
V_008,Mawlynnong,HH_V_008_053,SRV_003,2025-01-15,2,1,1,8,1,4,1,2,2,Secondary,1,0,6,1,46
V_008,Mawlynnong,HH_V_008_054,SRV_007,2025-01-15,1,0,1,11,2,4,0,2,1,Primary,0,0,4,1,68
V_008,Mawlynnong,HH_V_008_055,SRV_007,2025-01-15,1,0,1,5,1,4,1,2,2,Secondary,0,1,8,1,27
V_008,Mawlynnong,HH_V_008_056,SRV_008,2025-01-15,1,0,1,2,0,4,1,2,3,Higher Secondary,0,1,9,1,12
V_008,Mawlynnong,HH_V_008_057,SRV_003,2025-01-15,2,1,1,7,1,4,1,2,2,Secondary,1,0,6,1,42
V_008,Mawlynnong,HH_V_008_058,SRV_008,2025-01-15,1,0,1,10,2,4,0,2,1,Primary,0,0,4,1,60
V_008,Mawlynnong,HH_V_008_059,SRV_008,2025-01-15,4,3,1,5,1,4,1,2,2,Secondary,1,1,8,1,28
V_008,Mawlynnong,HH_V_008_060,SRV_005,2025-01-15,2,1,1,5,1,4,1,2,2,Secondary,1,1,8,1,29
V_008,Mawlynnong,HH_V_008_061,SRV_002,2025-01-15,4,3,1,4,1,4,1,2,2,Secondary,1,1,8,1,26
V_008,Mawlynnong,HH_V_008_062,SRV_004,2025-01-15,4,2,2,7,1,4,1,2,2,Secondary,1,0,6,1,42
V_008,Mawlynnong,HH_V_008_063,SRV_005,2025-01-15,2,1,1,4,1,4,1,2,2,Secondary,1,1,8,1,25
V_008,Mawlynnong,HH_V_008_064,SRV_007,2025-01-15,0,0,0,7,1,4,1,2,2,Secondary,0,0,6,1,41
V_008,Mawlynnong,HH_V_008_065,SRV_005,2025-01-15,0,0,0,6,1,4,1,2,2,Secondary,0,0,7,1,37
V_008,Mawlynnong,HH_V_008_066,SRV_008,2025-01-15,3,1,2,8,1,4,1,2,2,Secondary,1,0,6,1,47
V_008,Mawlynnong,HH_V_008_067,SRV_001,2025-01-15,2,1,1,2,0,4,1,2,3,Higher Secondary,1,1,9,1,12
V_008,Mawlynnong,HH_V_008_068,SRV_009,2025-01-15,4,2,2,8,2,4,0,2,1,Primary,1,0,5,1,51
V_008,Mawlynnong,HH_V_008_069,SRV_008,2025-01-15,1,0,1,6,1,4,1,2,2,Secondary,0,0,7,1,39
V_008,Mawlynnong,HH_V_008_070,SRV_005,2025-01-15,2,1,1,8,1,4,1,2,2,Secondary,1,0,6,1,48
V_008,Mawlynnong,HH_V_008_071,SRV_004,2025-01-15,3,2,1,2,0,4,1,2,3,Higher Secondary,1,1,9,1,12
V_008,Mawlynnong,HH_V_008_072,SRV_003,2025-01-15,1,0,1,7,1,4,1,2,2,Secondary,0,0,6,1,46
V_008,Mawlynnong,HH_V_008_073,SRV_006,2025-01-15,4,2,2,7,1,4,1,2,2,Secondary,1,0,6,1,41
V_008,Mawlynnong,HH_V_008_074,SRV_007,2025-01-15,3,2,1,8,1,4,1,2,2,Secondary,1,0,6,1,46
V_008,Mawlynnong,HH_V_008_075,SRV_008,2025-01-15,3,2,1,6,1,4,1,2,2,Secondary,1,0,7,1,37
V_008,Mawlynnong,HH_V_008_076,SRV_007,2025-01-15,0,0,0,4,0,4,1,2,3,Higher Secondary,0,1,8,1,24
V_008,Mawlynnong,HH_V_008_077,SRV_002,2025-01-15,4,3,1,3,0,4,1,2,3,Higher Secondary,1,1,9,1,13
V_008,Mawlynnong,HH_V_008_078,SRV_008,2025-01-15,3,2,1,8,1,4,1,2,2,Secondary,1,0,6,1,47
V_008,Mawlynnong,HH_V_008_079,SRV_003,2025-01-15,0,0,0,8,1,4,1,2,2,Secondary,0,0,6,1,49
V_008,Mawlynnong,HH_V_008_080,SRV_006,2025-01-15,3,2,1,9,2,4,0,2,1,Primary,1,0,5,1,55
V_008,Mawlynnong,HH_V_008_081,SRV_006,2025-01-15,0,0,0,4,1,4,1,2,2,Secondary,0,1,8,1,25
V_008,Mawlynnong,HH_V_008_082,SRV_007,2025-01-15,3,2,1,6,1,4,1,2,2,Secondary,1,0,7,1,36
V_008,Mawlynnong,HH_V_008_083,SRV_005,2025-01-15,4,3,1,8,2,4,0,2,1,Primary,1,0,5,1,53
V_008,Mawlynnong,HH_V_008_084,SRV_008,2025-01-15,2,1,1,5,1,4,1,2,2,Secondary,1,0,7,1,33
V_008,Mawlynnong,HH_V_008_085,SRV_001,2025-01-15,0,0,0,7,1,4,1,2,2,Secondary,0,0,6,1,45
V_008,Mawlynnong,HH_V_008_086,SRV_006,2025-01-15,2,1,1,2,0,4,1,2,3,Higher Secondary,1,1,9,1,11
V_008,Mawlynnong,HH_V_008_087,SRV_007,2025-01-15,2,1,1,3,0,4,1,2,3,Higher Secondary,1,1,9,1,15
V_008,Mawlynnong,HH_V_008_088,SRV_008,2025-01-15,2,1,1,5,1,4,1,2,2,Secondary,1,0,7,1,32
V_008,Mawlynnong,HH_V_008_089,SRV_009,2025-01-15,2,1,1,8,2,4,0,2,1,Primary,1,0,5,1,52
V_008,Mawlynnong,HH_V_008_090,SRV_007,2025-01-15,3,2,1,4,0,4,1,2,3,Higher Secondary,1,1,8,1,20
V_008,Mawlynnong,HH_V_008_091,SRV_002,2025-01-15,3,2,1,9,2,4,0,2,1,Primary,1,0,5,1,53
V_008,Mawlynnong,HH_V_008_092,SRV_006,2025-01-15,2,1,1,5,1,4,1,2,2,Secondary,1,0,7,1,31
V_008,Mawlynnong,HH_V_008_093,SRV_007,2025-01-15,2,1,1,6,1,4,1,2,2,Secondary,1,0,7,1,33
V_008,Mawlynnong,HH_V_008_094,SRV_008,2025-01-15,0,0,0,3,0,4,1,2,3,Higher Secondary,0,1,9,1,17
V_008,Mawlynnong,HH_V_008_095,SRV_007,2025-01-15,0,0,0,4,0,4,1,2,3,Higher Secondary,0,1,8,1,21
V_008,Mawlynnong,HH_V_008_096,SRV_002,2025-01-15,2,1,1,2,0,4,1,2,3,Higher Secondary,1,1,10,1,8
V_008,Mawlynnong,HH_V_008_097,SRV_001,2025-01-15,0,0,0,6,1,4,1,2,2,Secondary,0,0,7,1,36
V_008,Mawlynnong,HH_V_008_098,SRV_009,2025-01-15,0,0,0,5,1,4,1,2,2,Secondary,0,1,8,1,28
V_008,Mawlynnong,HH_V_008_099,SRV_005,2025-01-15,2,1,1,4,1,4,1,2,2,Secondary,1,1,8,1,25
